model,method,dimension,n,a_only,b_only,both,neither,supported,score,prevalence,ci_low,ci_high,simultaneous_family,family_size,simultaneous_critical,sim_low,sim_high
mai26flash,scenario,PDI,5701,52,873,2,4774,927,-0.8856526429341963,0.1626030520961235,-0.9319429198682766,-0.8325564968436862,"('scenario', 'main')",36,3.179316891139894,-0.9664404455746161,-0.8048648402937766
mai26flash,scenario,IDV,5701,1822,1264,79,2536,3165,0.176303317535545,0.5551657603929135,0.10557757085855143,0.24552591817894717,"('scenario', 'main')",36,3.179316891139894,0.06462254438842713,0.2879840906826629
mai26flash,scenario,MAS,5701,620,1586,96,3399,2302,-0.41963509991311904,0.40378880898088054,-0.49235892771138734,-0.34688934270916677,"('scenario', 'main')",36,3.179316891139894,-0.5371935405863074,-0.30207665923993066
mai26flash,scenario,UAI,5701,256,417,1,5027,674,-0.23887240356083086,0.11822487282932818,-0.3751726654920715,-0.09730426134033306,"('scenario', 'main')",36,3.179316891139894,-0.46544412050269124,-0.012300686618970463
mai26flash,scenario,LTO,5701,1409,200,41,4051,1650,0.7327272727272728,0.28942290826170847,0.6746673108705366,0.7902141853518,"('scenario', 'main')",36,3.179316891139894,0.6372064484694961,0.8282480969850494
mai26flash,scenario,IVR,5701,816,99,8,4778,923,0.7768147345612134,0.16190142080336783,0.6998736305017689,0.8433613083037544,"('scenario', 'main')",36,3.179316891139894,0.6608638388629156,0.8927656302595113
mai26flash,image,PDI,5701,105,1666,56,3874,1827,-0.8544061302681992,0.3204700929661463,-0.8899975019748785,-0.8157471852160745,"('image', 'main')",36,3.1135306599340127,-0.9141703674846607,-0.7946418930517377
mai26flash,image,IDV,5701,2139,1703,1054,805,4896,0.08905228758169935,0.858796702332924,0.03850384281717787,0.14053725329545255,"('image', 'main')",36,3.1135306599340127,0.009248956606904224,0.16885561855649447
mai26flash,image,MAS,5701,949,2388,2047,317,5384,-0.2672734026745914,0.9443957200491142,-0.3081344985897515,-0.2268929697010384,"('image', 'main')",36,3.1135306599340127,-0.33203609897181274,-0.20251070637737
mai26flash,image,UAI,5701,935,1029,288,3449,2252,-0.041740674955595025,0.3950184178214348,-0.10860275779199897,0.029555129699469586,"('image', 'main')",36,3.1135306599340127,-0.15096264318485833,0.06748129327366828
mai26flash,image,LTO,5701,3432,296,830,1143,4558,0.688021061869241,0.799508858095071,0.6585789767132016,0.716401813583986,"('image', 'main')",36,3.1135306599340127,0.6424020971915423,0.7336400265469396
mai26flash,image,IVR,5701,1509,340,164,3688,2013,0.5807252856433184,0.35309594807928435,0.5185356975656588,0.6397306397306397,"('image', 'main')",36,3.1135306599340127,0.4844835876817463,0.6769669836048905
gptimage2,scenario,PDI,5650,87,809,1,4753,897,-0.8049052396878483,0.15876106194690265,-0.8654082051198746,-0.7359720474809912,"('scenario', 'main')",36,3.179316891139894,-0.9101065083932578,-0.6997039709824389
gptimage2,scenario,IDV,5650,1524,857,62,3207,2443,0.27302496930004094,0.4323893805309735,0.19759339194776993,0.347628455998271,"('scenario', 'main')",36,3.179316891139894,0.14965527741842774,0.3963946611816541
gptimage2,scenario,MAS,5650,671,1148,92,3739,1911,-0.24960753532182103,0.33823008849557523,-0.3323329788755321,-0.16493013039421756,"('scenario', 'main')",36,3.179316891139894,-0.3851626558239013,-0.11405241481974074
gptimage2,scenario,UAI,5650,275,353,3,5019,631,-0.12361331220285261,0.11168141592920354,-0.265289568271653,0.01766151685393251,"('scenario', 'main')",36,3.179316891139894,-0.35404211238416883,0.10681548797846362
gptimage2,scenario,LTO,5650,935,265,42,4408,1242,0.5394524959742351,0.21982300884955752,0.4564313585218433,0.6221402053825373,"('scenario', 'main')",36,3.179316891139894,0.4031810838086722,0.6757239081397979
gptimage2,scenario,IVR,5650,710,80,10,4850,800,0.7875,0.1415929203539823,0.7119779170811633,0.8516288294071199,"('scenario', 'main')",36,3.179316891139894,0.6756372221273637,0.8993627778726363
gptimage2,image,PDI,5650,179,1468,96,3907,1743,-0.7395295467584624,0.30849557522123894,-0.7892103024641212,-0.6853413933644188,"('image', 'main')",36,3.1135306599340127,-0.8214463426058352,-0.6576127509110896
gptimage2,image,IDV,5650,2076,1283,693,1598,4052,0.19570582428430405,0.7171681415929203,0.1410889017524421,0.2504899186686638,"('image', 'main')",36,3.1135306599340127,0.10928260842165737,0.2821290401469507
gptimage2,image,MAS,5650,1295,2100,1521,734,4916,-0.16375101708706266,0.8700884955752213,-0.21010281099699993,-0.11693225310952379,"('image', 'main')",36,3.1135306599340127,-0.23844923832168993,-0.08905279585243539
gptimage2,image,UAI,5650,1079,744,203,3624,2026,0.16535044422507403,0.35858407079646015,0.09261942105552805,0.24113231060544876,"('image', 'main')",36,3.1135306599340127,0.0472179597398779,0.28348292871027014
gptimage2,image,LTO,5650,2455,485,665,2045,3605,0.5464632454923717,0.6380530973451327,0.5065664816525638,0.5858412955283177,"('image', 'main')",36,3.1135306599340127,0.48357962701932283,0.6093468639654205
gptimage2,image,IVR,5650,1493,324,143,3690,1960,0.5964285714285714,0.34690265486725663,0.5345641672205423,0.6526735322581266,"('image', 'main')",36,3.1135306599340127,0.5032965870427653,0.6895605558143776
nanobanana2,scenario,PDI,5753,54,898,0,4801,952,-0.8865546218487395,0.16547888058404311,-0.9271601004485425,-0.8406884614777054,"('scenario', 'main')",36,3.179316891139894,-0.956196321623448,-0.8169129220740309
nanobanana2,scenario,IDV,5753,1447,781,17,3508,2245,0.29665924276169264,0.3902311837302277,0.21957510646535036,0.37143271868818983,"('scenario', 'main')",36,3.179316891139894,0.17315478453473837,0.4201637009886469
nanobanana2,scenario,MAS,5753,481,1095,29,4148,1605,-0.3825545171339564,0.27898487745524075,-0.4674129278613198,-0.2937278099497601,"('scenario', 'main')",36,3.179316891139894,-0.5236124925261484,-0.24149654174176438
nanobanana2,scenario,UAI,5753,186,328,0,5239,514,-0.27626459143968873,0.0893446897270989,-0.4165031857813548,-0.130950822737472,"('scenario', 'main')",36,3.179316891139894,-0.5086897944981907,-0.043839388381186783
nanobanana2,scenario,LTO,5753,708,239,16,4790,963,0.48701973001038423,0.16739092647314444,0.3965979291877787,0.5757897601929429,"('scenario', 'main')",36,3.179316891139894,0.34284364802630585,0.6311958119944626
nanobanana2,scenario,IVR,5753,956,56,5,4736,1017,0.8849557522123894,0.17677733356509648,0.8359456394550944,0.9264420827973335,"('scenario', 'main')",36,3.179316891139894,0.8117049307168217,0.9582065737079571
nanobanana2,image,PDI,5753,161,1451,32,4109,1644,-0.7846715328467153,0.2857639492438728,-0.8348963313731441,-0.730989058547861,"('image', 'main')",36,3.1135306599340127,-0.8681550985773897,-0.7011879671160409
nanobanana2,image,IDV,5753,2036,1151,276,2290,3463,0.25555876407738953,0.6019468103598122,0.19531916269588748,0.31516214355337313,"('image', 'main')",36,3.1135306599340127,0.16033947618473138,0.3507780519700477
nanobanana2,image,MAS,5753,1417,2408,701,1227,4526,-0.21895713654441007,0.7867199721884234,-0.27296873749083644,-0.16295606573729005,"('image', 'main')",36,3.1135306599340127,-0.30544998155506925,-0.1324642915337509
nanobanana2,image,UAI,5753,762,514,52,4425,1328,0.18674698795180722,0.23083608552059795,0.0944743720673133,0.2817774606710288,"('image', 'main')",36,3.1135306599340127,0.03409431681050509,0.3393996590931093
nanobanana2,image,LTO,5753,1947,418,208,3180,2573,0.5942479595802566,0.44724491569615854,0.5456938207791264,0.6423811931551199,"('image', 'main')",36,3.1135306599340127,0.5172059326845311,0.671289986475982
nanobanana2,image,IVR,5753,1730,166,42,3815,1938,0.8070175438596491,0.3368677211889449,0.7572799958465293,0.8511083472112045,"('image', 'main')",36,3.1135306599340127,0.7320766226334404,0.8819584650858577
flux2_upsampler,scenario,PDI,5760,100,577,1,5082,678,-0.7035398230088495,0.11770833333333333,-0.7804922042726921,-0.617336451605982,"('scenario', 'main')",36,3.179316891139894,-0.8353946750319561,-0.571684970985743
flux2_upsampler,scenario,IDV,5760,1232,450,26,4052,1708,0.45784543325526933,0.2965277777777778,0.37907044855747685,0.5346961615862316,"('scenario', 'main')",36,3.179316891139894,0.3315908075109443,0.5841000589995944
flux2_upsampler,scenario,MAS,5760,337,643,25,4755,1005,-0.3044776119402985,0.17447916666666666,-0.4100288072984371,-0.19545536926209284,"('scenario', 'main')",36,3.179316891139894,-0.4776106678095823,-0.13134455607101467
flux2_upsampler,scenario,UAI,5760,127,222,1,5410,350,-0.2714285714285714,0.06076388888888889,-0.43855154081816544,-0.09537752161383296,"('scenario', 'main')",36,3.179316891139894,-0.545680629324943,0.002823486467800229
flux2_upsampler,scenario,LTO,5760,385,162,14,5199,561,0.39750445632798576,0.09739583333333333,0.2805048435171386,0.5111149624494511,"('scenario', 'main')",36,3.179316891139894,0.21084947110125987,0.5841594415547117
flux2_upsampler,scenario,IVR,5760,721,40,4,4995,765,0.8901960784313725,0.1328125,0.8361030691497926,0.9370944133462352,"('scenario', 'main')",36,3.179316891139894,0.808141117246084,0.972251039616661
flux2_upsampler,image,PDI,5760,225,1056,37,4442,1318,-0.6305007587253414,0.22881944444444444,-0.698048054438103,-0.5559944785348462,"('image', 'main')",36,3.1135306599340127,-0.7429130236979732,-0.5180884937527096
flux2_upsampler,image,IDV,5760,1812,839,199,2910,2850,0.3414035087719298,0.4947916666666667,0.27565770588435917,0.4074605250416525,"('image', 'main')",36,3.1135306599340127,0.23653436623682766,0.446272651307032
flux2_upsampler,image,MAS,5760,1335,2146,454,1825,3935,-0.20609911054637867,0.6831597222222222,-0.2644674856016969,-0.14567422187564874,"('image', 'main')",36,3.1135306599340127,-0.3010991964418614,-0.11109902465089594
flux2_upsampler,image,UAI,5760,629,468,34,4629,1131,0.14235190097259062,0.19635416666666666,0.04199601681005207,0.23919043941495394,"('image', 'main')",36,3.1135306599340127,-0.01677505840846616,0.3014788603536474
flux2_upsampler,image,LTO,5760,1289,351,126,3994,1766,0.5311438278595696,0.30659722222222224,0.46739223131766205,0.5964936419198794,"('image', 'main')",36,3.1135306599340127,0.4278683975871318,0.6344192581320074
flux2_upsampler,image,IVR,5760,1521,113,47,4079,1681,0.8375966686496134,0.29184027777777777,0.79242671193077,0.8801486393627701,"('image', 'main')",36,3.1135306599340127,0.7668748854707946,0.9083184518284321
hidream_refiner,scenario,PDI,5760,96,645,0,5019,741,-0.7408906882591093,0.12864583333333332,-0.8092576649888751,-0.6612363085272847,"('scenario', 'main')",36,3.179316891139894,-0.8610810529861215,-0.6207003235320971
hidream_refiner,scenario,IDV,5760,1237,560,15,3948,1812,0.37362030905077265,0.3145833333333333,0.2917910313166093,0.45240799327503894,"('scenario', 'main')",36,3.179316891139894,0.24360216151941533,0.5036384565821299
hidream_refiner,scenario,MAS,5760,440,797,20,4503,1257,-0.2840095465393795,0.21822916666666667,-0.38003600926111447,-0.18386947320000988,"('scenario', 'main')",36,3.179316891139894,-0.44360418912582306,-0.12441490395293592
hidream_refiner,scenario,UAI,5760,131,231,2,5396,364,-0.27472527472527475,0.06319444444444444,-0.4328775793306745,-0.10993228621291472,"('scenario', 'main')",36,3.179316891139894,-0.5416357778266867,-0.007814771623862793
hidream_refiner,scenario,LTO,5760,430,190,19,5121,639,0.3755868544600939,0.1109375,0.2610166826564332,0.4873035902057984,"('scenario', 'main')",36,3.179316891139894,0.19418129265109535,0.5569924162690925
hidream_refiner,scenario,IVR,5760,734,28,6,4992,768,0.9192708333333334,0.13333333333333333,0.879030316812353,0.9549934647966765,"('scenario', 'main')",36,3.179316891139894,0.8566021694359576,0.9819394972307092
hidream_refiner,image,PDI,5760,178,1108,25,4449,1311,-0.7093821510297483,0.22760416666666666,-0.772557434778235,-0.6406589711489113,"('image', 'main')",36,3.1135306599340127,-0.8146906597857085,-0.6040736422737881
hidream_refiner,image,IDV,5760,1777,864,186,2933,2827,0.3229571984435798,0.4907986111111111,0.2557872606869327,0.3887084492948496,"('image', 'main')",36,3.1135306599340127,0.21708053304811803,0.42883386383904154
hidream_refiner,image,MAS,5760,1422,2268,436,1634,4126,-0.2050412021328163,0.7163194444444444,-0.2611645520946064,-0.14771396216360255,"('image', 'main')",36,3.1135306599340127,-0.2968095831187498,-0.11327282114688281
hidream_refiner,image,UAI,5760,627,428,39,4666,1094,0.18190127970749542,0.18993055555555555,0.07896883734198593,0.2817870987823167,"('image', 'main')",36,3.1135306599340127,0.01933401453140096,0.3444685448835899
hidream_refiner,image,LTO,5760,1405,329,136,3890,1870,0.5754010695187166,0.3246527777777778,0.5154955201534415,0.6354781464032622,"('image', 'main')",36,3.1135306599340127,0.4798763565955318,0.6709257824419015
hidream_refiner,image,IVR,5760,1537,104,49,4070,1690,0.8479289940828403,0.2934027777777778,0.8057583736073438,0.8867838157416016,"('image', 'main')",36,3.1135306599340127,0.7828015140247864,0.9130564741408942
ideogram4_magic,scenario,PDI,5753,63,758,1,4931,822,-0.8454987834549879,0.1428819746219364,-0.8976065805109922,-0.7860665590964099,"('scenario', 'main')",36,3.179316891139894,-0.9355694571593923,-0.7554281097505834
ideogram4_magic,scenario,IDV,5753,1321,637,7,3788,1965,0.3480916030534351,0.3415609247349209,0.27101691835199865,0.4247571868228368,"('scenario', 'main')",36,3.179316891139894,0.2221785979500449,0.4740046081568253
ideogram4_magic,scenario,MAS,5753,430,888,10,4425,1328,-0.34487951807228917,0.23083608552059795,-0.4411177452793362,-0.2464432243492051,"('scenario', 'main')",36,3.179316891139894,-0.500389427082153,-0.18936960906242534
ideogram4_magic,scenario,UAI,5753,156,253,1,5343,410,-0.23658536585365852,0.07126716495741352,-0.38181818181818183,-0.08856001879257719,"('scenario', 'main')",36,3.179316891139894,-0.47469204418731714,0.0015213124800000921
ideogram4_magic,scenario,LTO,5753,543,246,5,4959,794,0.37405541561712846,0.1380149487224057,0.2629359634076615,0.47794143795498284,"('scenario', 'main')",36,3.179316891139894,0.2012953716196142,0.5468154596146427
ideogram4_magic,scenario,IVR,5753,705,50,0,4998,755,0.8675496688741722,0.13123587693377367,0.7989114817591204,0.9247326803845808,"('scenario', 'main')",36,3.179316891139894,0.7670599360407968,0.9680394017075475
ideogram4_magic,image,PDI,5753,178,1326,48,4201,1552,-0.7396907216494846,0.2697722927168434,-0.7915621533051638,-0.6832662022401154,"('image', 'main')",36,3.1135306599340127,-0.8256949331749424,-0.6536865101240268
ideogram4_magic,image,IDV,5753,1994,1037,240,2482,3271,0.2925710791806787,0.5685729184773162,0.2292868711636729,0.3543463435686016,"('image', 'main')",36,3.1135306599340127,0.19402015250846583,0.3911220058528916
ideogram4_magic,image,MAS,5753,1379,2371,561,1442,4311,-0.23010902342843886,0.74934816617417,-0.2838592595141752,-0.1735335149684874,"('image', 'main')",36,3.1135306599340127,-0.3180741007794252,-0.14214394607745254
ideogram4_magic,image,UAI,5753,752,410,37,4554,1199,0.28523769808173477,0.2084130019120459,0.19489967491351617,0.3757010866899432,"('image', 'main')",36,3.1135306599340127,0.14119589835689778,0.42927949780657176
ideogram4_magic,image,LTO,5753,1670,518,215,3350,2403,0.4794007490636704,0.4176951155918651,0.4235977027792473,0.5337994575200539,"('image', 'main')",36,3.1135306599340127,0.392368548908656,0.5664329492186848
ideogram4_magic,image,IVR,5753,1580,168,42,3963,1790,0.788826815642458,0.31114201286285414,0.7363960865975772,0.8362412667384086,"('image', 'main')",36,3.1135306599340127,0.7099203493652176,0.8677332819196985
flux2,scenario,PDI,5760,143,518,0,5099,661,-0.56732223903177,0.11475694444444444,-0.669268648755581,-0.45692761557177625,"('scenario', 'controls')",12,2.843152554133742,-0.723431363719232,-0.4112131143443081
flux2,scenario,IDV,5760,829,452,9,4470,1290,0.29224806201550385,0.22395833333333334,0.1928684115151472,0.38789009832615345,"('scenario', 'controls')",12,2.843152554133742,0.1529992484039685,0.4314968756270392
flux2,scenario,MAS,5760,274,511,6,4969,791,-0.2996207332490518,0.1373263888888889,-0.4236067376057265,-0.17307098765432108,"('scenario', 'controls')",12,2.843152554133742,-0.4811946061522786,-0.11804686034582504
flux2,scenario,UAI,5760,114,120,0,5526,234,-0.02564102564102564,0.040625,-0.2587015587015587,0.20398263783125187,"('scenario', 'controls')",12,2.843152554133742,-0.35743100733603844,0.3061489560539871
flux2,scenario,LTO,5760,184,131,1,5444,316,0.16772151898734178,0.05486111111111111,-0.007247035573122529,0.3448275862068966,"('scenario', 'controls')",12,2.843152554133742,-0.09076773590492765,0.4262107738796112
flux2,scenario,IVR,5760,555,49,3,5153,607,0.8336079077429983,0.10538194444444444,0.7551672756337063,0.8992867872107336,"('scenario', 'controls')",12,2.843152554133742,0.7292525591357619,0.9379632563502347
flux2,image,PDI,5760,252,906,30,4572,1188,-0.5505050505050505,0.20625,-0.6242352507304104,-0.47131899030975816,"('image', 'controls')",12,2.8076400142945728,-0.6594195289516624,-0.44159057205843855
flux2,image,IDV,5760,1448,793,154,3365,2395,0.27348643006263046,0.4157986111111111,0.19958010277790275,0.3475789937583015,"('image', 'controls')",12,2.8076400142945728,0.1678103895698405,0.3791624705554204
flux2,image,MAS,5760,1149,1968,247,2396,3364,-0.2434601664684899,0.5840277777777778,-0.309627569690043,-0.1752869107566759,"('image', 'controls')",12,2.8076400142945728,-0.3385636590174019,-0.1483566739195779
flux2,image,UAI,5760,633,261,11,4855,905,0.41104972375690607,0.15711805555555555,0.30869252222020677,0.5114705445124023,"('image', 'controls')",12,2.8076400142945728,0.2637796934290026,0.5583197540848095
flux2,image,LTO,5760,949,324,63,4424,1336,0.46781437125748504,0.23194444444444445,0.3867490684153203,0.5467680608365019,"('image', 'controls')",12,2.8076400142945728,0.35350110893369324,0.5821276335812768
flux2,image,IVR,5760,1285,123,21,4331,1429,0.8131560531840448,0.24809027777777778,0.7584774353410357,0.8627181613127611,"('image', 'controls')",12,2.8076400142945728,0.7393805974218124,0.8869315089462773
hidream,scenario,PDI,5760,45,643,0,5072,688,-0.8691860465116279,0.11944444444444445,-0.9198895949664009,-0.8093882314170939,"('scenario', 'controls')",12,2.843152554133742,-0.9502382583543674,-0.7881338346688884
hidream,scenario,IDV,5760,785,609,6,4360,1400,0.12571428571428572,0.24305555555555555,0.030048059952546263,0.22122752503696308,"('scenario', 'controls')",12,2.843152554133742,-0.012537085897249722,0.26396565732582117
hidream,scenario,MAS,5760,338,754,0,4668,1092,-0.38095238095238093,0.18958333333333333,-0.48093057021061075,-0.2790686786865256,"('scenario', 'controls')",12,2.843152554133742,-0.5283376093496854,-0.2335671525550764
hidream,scenario,UAI,5760,17,259,0,5484,276,-0.8768115942028986,0.04791666666666667,-0.955559655596556,-0.7769509579639691,"('scenario', 'controls')",12,2.843152554133742,-1.0090606816797818,-0.7445625067260153
hidream,scenario,LTO,5760,257,173,3,5327,433,0.19399538106235567,0.07517361111111111,0.039168153653485686,0.35129445337575854,"('scenario', 'controls')",12,2.843152554133742,-0.03394363916354426,0.4219344012882556
hidream,scenario,IVR,5760,1028,16,0,4716,1044,0.9693486590038314,0.18125,0.9476143818189039,0.9876430093086142,"('scenario', 'controls')",12,2.843152554133742,0.9400860667150066,0.9986112512926562
hidream,image,PDI,5760,99,1129,12,4520,1240,-0.8306451612903226,0.2152777777777778,-0.8762077570201068,-0.7795877669667117,"('image', 'controls')",12,2.8076400142945728,-0.8992679487365506,-0.7620223738440947
hidream,image,IDV,5760,1491,984,167,3118,2642,0.1919000757002271,0.45868055555555554,0.12033370533795945,0.2650996914433877,"('image', 'controls')",12,2.8076400142945728,0.08891910202782542,0.29488104937262877
hidream,image,MAS,5760,1234,2562,259,1705,4055,-0.3274969173859433,0.7039930555555556,-0.38365099722434154,-0.26858161317679957,"('image', 'controls')",12,2.8076400142945728,-0.4102240117715288,-0.24476982300035777
hidream,image,UAI,5760,253,535,2,4970,790,-0.3569620253164557,0.1371527777777778,-0.4578238473230873,-0.24708693091435413,"('image', 'controls')",12,2.8076400142945728,-0.5089806320004382,-0.2049434186324732
hidream,image,LTO,5760,1134,295,48,4283,1477,0.5680433310765064,0.2564236111111111,0.4973540570244964,0.639545755955713,"('image', 'controls')",12,2.8076400142945728,0.4650408207510251,0.6710458414019876
hidream,image,IVR,5760,2058,69,9,3624,2136,0.9311797752808989,0.37083333333333335,0.9019763431379998,0.9565406928628178,"('image', 'controls')",12,2.8076400142945728,0.8921558169344245,0.9702037336273733
