base_model,refined_model,kind,setting,method,dimension,n_pairs,baseline_n,baseline_a_only,baseline_b_only,baseline_both,baseline_neither,baseline_supported,baseline_score,baseline_prevalence,target_n,target_a_only,target_b_only,target_both,target_neither,target_supported,target_score,target_prevalence,delta,ci_low,ci_high,simultaneous_family,family_size,simultaneous_critical,sim_low,sim_high
hidream,hidream_refiner,direct,pooled,scenario,PDI,960,5760,45,643,0,5072,688,-0.8691860465116279,0.11944444444444445,5760,96,645,0,5019,741,-0.7408906882591093,0.12864583333333332,0.1282953582525186,0.05688865492828096,0.20340229443830196,"('scenario', 'direct', 'pooled')",12,2.8785174892083307,0.021392818490847024,0.23519789801419017
hidream,hidream_refiner,direct,pooled,scenario,IDV,960,5760,785,609,6,4360,1400,0.12571428571428572,0.24305555555555555,5760,1237,560,15,3948,1812,0.37362030905077265,0.3145833333333333,0.24790602333648692,0.16571221050454807,0.32962633559481286,"('scenario', 'direct', 'pooled')",12,2.8785174892083307,0.12806653097440526,0.3677455156985686
hidream,hidream_refiner,direct,pooled,scenario,MAS,960,5760,338,754,0,4668,1092,-0.38095238095238093,0.18958333333333333,5760,440,797,20,4503,1257,-0.2840095465393795,0.21822916666666667,0.09694283441300144,0.007730773756019784,0.18557048387278816,"('scenario', 'direct', 'pooled')",12,2.8785174892083307,-0.03295620970127022,0.2268418785272731
hidream,hidream_refiner,direct,pooled,scenario,UAI,960,5760,17,259,0,5484,276,-0.8768115942028986,0.04791666666666667,5760,131,231,2,5396,364,-0.27472527472527475,0.06319444444444444,0.6020863194776238,0.41787209242895756,0.7864569954703645,"('scenario', 'direct', 'pooled')",12,2.8785174892083307,0.3322713894066174,0.8719012495486302
hidream,hidream_refiner,direct,pooled,scenario,LTO,960,5760,257,173,3,5327,433,0.19399538106235567,0.07517361111111111,5760,430,190,19,5121,639,0.3755868544600939,0.1109375,0.1815914733977382,0.021086666090968542,0.3388182638574975,"('scenario', 'direct', 'pooled')",12,2.8785174892083307,-0.05208413264350853,0.41526707943898494
hidream,hidream_refiner,direct,pooled,scenario,IVR,960,5760,1028,16,0,4716,1044,0.9693486590038314,0.18125,5760,734,28,6,4992,768,0.9192708333333334,0.13333333333333333,-0.05007782567049801,-0.08597808418915143,-0.01702630907778852,"('scenario', 'direct', 'pooled')",12,2.8785174892083307,-0.10123879521817794,0.001083143877181919
hidream,hidream_refiner,direct,pooled,image,PDI,960,5760,99,1129,12,4520,1240,-0.8306451612903226,0.2152777777777778,5760,178,1108,25,4449,1311,-0.7093821510297483,0.22760416666666666,0.12126301026057429,0.06273848655510438,0.18081560956628617,"('image', 'direct', 'pooled')",12,2.8798548326574798,0.034257958401806246,0.20826806211934235
hidream,hidream_refiner,direct,pooled,image,IDV,960,5760,1491,984,167,3118,2642,0.1919000757002271,0.45868055555555554,5760,1777,864,186,2933,2827,0.3229571984435798,0.4907986111111111,0.13105712274335268,0.08729661867880877,0.17571089723159372,"('image', 'direct', 'pooled')",12,2.8798548326574798,0.06730810267557746,0.1948061428111279
hidream,hidream_refiner,direct,pooled,image,MAS,960,5760,1234,2562,259,1705,4055,-0.3274969173859433,0.7039930555555556,5760,1422,2268,436,1634,4126,-0.2050412021328163,0.7163194444444444,0.12245571525312698,0.08868867867391052,0.15613102192855316,"('image', 'direct', 'pooled')",12,2.8798548326574798,0.0730337712263017,0.17187765927995227
hidream,hidream_refiner,direct,pooled,image,UAI,960,5760,253,535,2,4970,790,-0.3569620253164557,0.1371527777777778,5760,627,428,39,4666,1094,0.18190127970749542,0.18993055555555555,0.5388633050239511,0.4220803366624878,0.6485265917463684,"('image', 'direct', 'pooled')",12,2.8798548326574798,0.37241218233913714,0.7053144277087651
hidream,hidream_refiner,direct,pooled,image,LTO,960,5760,1134,295,48,4283,1477,0.5680433310765064,0.2564236111111111,5760,1405,329,136,3890,1870,0.5754010695187166,0.3246527777777778,0.0073577384422102154,-0.05657326507864469,0.06962047919475026,"('image', 'direct', 'pooled')",12,2.8798548326574798,-0.08531525497883796,0.10003073186325839
hidream,hidream_refiner,direct,pooled,image,IVR,960,5760,2058,69,9,3624,2136,0.9311797752808989,0.37083333333333335,5760,1537,104,49,4070,1690,0.8479289940828403,0.2934027777777778,-0.08325078119805862,-0.12119720175919185,-0.04837405125469423,"('image', 'direct', 'pooled')",12,2.8798548326574798,-0.13643838658771779,-0.030063175808399463
hidream,hidream_refiner,direct,en_us__none,scenario,PDI,960,960,2,109,0,849,111,-0.963963963963964,0.115625,960,4,105,0,851,109,-0.926605504587156,0.11354166666666667,0.03735845937680804,-0.0470095101554997,0.12732077962298802,"('scenario', 'direct', 'en_us__none')",12,2.8759980948476946,-0.08873596184578225,0.16345288059939833
hidream,hidream_refiner,direct,en_us__none,scenario,IDV,960,960,162,94,1,703,257,0.26459143968871596,0.2677083333333333,960,218,83,4,655,305,0.4426229508196721,0.3177083333333333,0.17803151113095617,0.0478000635645908,0.3052604216249587,"('scenario', 'direct', 'en_us__none')",12,2.8759980948476946,-0.01200026668358356,0.3680632889454959
hidream,hidream_refiner,direct,en_us__none,scenario,MAS,960,960,56,127,0,777,183,-0.3879781420765027,0.190625,960,64,123,1,772,188,-0.31382978723404253,0.19583333333333333,0.07414835484246018,-0.07141911608160399,0.22475092895512522,"('scenario', 'direct', 'en_us__none')",12,2.8759980948476946,-0.14297735660506633,0.2912740662899867
hidream,hidream_refiner,direct,en_us__none,scenario,UAI,960,960,4,42,0,914,46,-0.8260869565217391,0.04791666666666667,960,21,34,0,905,55,-0.23636363636363636,0.057291666666666664,0.5897233201581028,0.30219745793054065,0.8800095693779902,"('scenario', 'direct', 'en_us__none')",12,2.8759980948476946,0.16501449550908703,1.0144321448071185
hidream,hidream_refiner,direct,en_us__none,scenario,LTO,960,960,45,24,0,891,69,0.30434782608695654,0.071875,960,57,30,1,872,88,0.3068181818181818,0.09166666666666666,0.002470355731225282,-0.2699812209662406,0.27863226477217834,"('scenario', 'direct', 'en_us__none')",12,2.8759980948476946,-0.4027050651124176,0.40764577657486817
hidream,hidream_refiner,direct,en_us__none,scenario,IVR,960,960,165,2,0,793,167,0.9760479041916168,0.17395833333333333,960,124,5,0,831,129,0.9224806201550387,0.134375,-0.05356728403657807,-0.13139868368346086,0.01717306409656325,"('scenario', 'direct', 'en_us__none')",12,2.8759980948476946,-0.16296509086115712,0.055830522788001005
hidream,hidream_refiner,direct,en_us__none,image,PDI,960,960,9,204,1,746,214,-0.9112149532710281,0.22291666666666668,960,20,203,0,737,223,-0.820627802690583,0.23229166666666667,0.09058715058044509,0.0056575131602341795,0.17780701895803472,"('image', 'direct', 'en_us__none')",12,2.8499307677799095,-0.0345277239488791,0.21570202510976927
hidream,hidream_refiner,direct,en_us__none,image,IDV,960,960,265,153,30,512,448,0.25,0.4666666666666667,960,304,132,33,491,469,0.36673773987206826,0.48854166666666665,0.11673773987206826,0.03865848066168772,0.19761704518589743,"('image', 'direct', 'en_us__none')",12,2.8499307677799095,-0.0003620091483621385,0.23383748889249867
hidream,hidream_refiner,direct,en_us__none,image,MAS,960,960,208,432,43,277,683,-0.3279648609077599,0.7114583333333333,960,223,385,68,284,676,-0.23964497041420119,0.7041666666666667,0.0883198904935587,0.026748232466615333,0.14883455351824268,"('image', 'direct', 'en_us__none')",12,2.8499307677799095,0.0023009963719405058,0.1743387846151769
hidream,hidream_refiner,direct,en_us__none,image,UAI,960,960,53,91,1,815,145,-0.2620689655172414,0.15104166666666666,960,103,68,5,784,176,0.19886363636363635,0.18333333333333332,0.46093260188087776,0.2749122826080657,0.6397471983740654,"('image', 'direct', 'en_us__none')",12,2.8499307677799095,0.19737575671251129,0.7244894470492442
hidream,hidream_refiner,direct,en_us__none,image,LTO,960,960,177,44,7,732,228,0.5833333333333334,0.2375,960,223,51,15,671,289,0.5951557093425606,0.30104166666666665,0.011822376009227198,-0.1092469121855467,0.13179846714556392,"('image', 'direct', 'en_us__none')",12,2.8499307677799095,-0.1657207294546473,0.1893654814731017
hidream,hidream_refiner,direct,en_us__none,image,IVR,960,960,328,11,1,620,340,0.9323529411764706,0.3541666666666667,960,263,17,6,674,286,0.8601398601398601,0.29791666666666666,-0.0722130810366105,-0.13426707024434023,-0.014683697733637764,"('image', 'direct', 'en_us__none')",12,2.8499307677799095,-0.15763794727247155,0.01321178519925055
hidream,hidream_refiner,direct,en_us__us,scenario,PDI,960,960,3,124,0,833,127,-0.952755905511811,0.13229166666666667,960,5,114,0,841,119,-0.9159663865546218,0.12395833333333334,0.03678951895718918,-0.05493271439276285,0.12752232618333906,"('scenario', 'direct', 'en_us__us')",12,2.878321114036342,-0.0961352788519309,0.16971431676630927
hidream,hidream_refiner,direct,en_us__us,scenario,IDV,960,960,142,92,1,725,235,0.2127659574468085,0.24479166666666666,960,229,81,2,648,312,0.47435897435897434,0.325,0.26159301691216585,0.132506167807899,0.38631553018516207,"('scenario', 'direct', 'en_us__us')",12,2.878321114036342,0.07641683652510894,0.44676919729922276
hidream,hidream_refiner,direct,en_us__us,scenario,MAS,960,960,55,117,0,788,172,-0.36046511627906974,0.17916666666666667,960,62,126,2,770,190,-0.3368421052631579,0.19791666666666666,0.023623011015911854,-0.1294518639506517,0.17989158475149924,"('scenario', 'direct', 'en_us__us')",12,2.878321114036342,-0.2048611003598241,0.2521071223916478
hidream,hidream_refiner,direct,en_us__us,scenario,UAI,960,960,2,38,0,920,40,-0.9,0.041666666666666664,960,19,40,0,901,59,-0.3559322033898305,0.06145833333333333,0.5440677966101695,0.25990814937394024,0.8151368325999203,"('scenario', 'direct', 'en_us__us')",12,2.878321114036342,0.1339240318686033,0.9542115613517357
hidream,hidream_refiner,direct,en_us__us,scenario,LTO,960,960,35,25,0,900,60,0.16666666666666666,0.0625,960,67,22,1,870,90,0.5,0.09375,0.33333333333333337,0.05771861522549421,0.6002394892833257,"('scenario', 'direct', 'en_us__us')",12,2.878321114036342,-0.07065740299101703,0.7373240696576837
hidream,hidream_refiner,direct,en_us__us,scenario,IVR,960,960,171,3,0,786,174,0.9655172413793104,0.18125,960,137,3,0,820,140,0.9571428571428572,0.14583333333333334,-0.008374384236453203,-0.06155514601049999,0.0412890023548591,"('scenario', 'direct', 'en_us__us')",12,2.878321114036342,-0.08328148927373771,0.06653272080083131
hidream,hidream_refiner,direct,en_us__us,image,PDI,960,960,14,193,3,750,210,-0.8523809523809524,0.21875,960,15,200,3,742,218,-0.8486238532110092,0.22708333333333333,0.0037570991699431566,-0.08215066242856417,0.08499211233954271,"('image', 'direct', 'en_us__us')",12,2.853335631398379,-0.11898189525461299,0.12649609359449931
hidream,hidream_refiner,direct,en_us__us,image,IDV,960,960,249,155,35,521,439,0.214123006833713,0.45729166666666665,960,327,128,33,472,488,0.4077868852459016,0.5083333333333333,0.19366387841218863,0.11441368893119318,0.2736401986148521,"('image', 'direct', 'en_us__us')",12,2.853335631398379,0.07942603452914831,0.30790172229522894
hidream,hidream_refiner,direct,en_us__us,image,MAS,960,960,200,415,41,304,656,-0.3277439024390244,0.6833333333333333,960,237,383,66,274,686,-0.21282798833819241,0.7145833333333333,0.11491591410083199,0.0513457788724675,0.17512358440147238,"('image', 'direct', 'en_us__us')",12,2.853335631398379,0.023935421463956053,0.20589640673770793
hidream,hidream_refiner,direct,en_us__us,image,UAI,960,960,56,88,0,816,144,-0.2222222222222222,0.15,960,104,60,7,789,171,0.2573099415204678,0.178125,0.47953216374269003,0.2988332148077911,0.6665202716453074,"('image', 'direct', 'en_us__us')",12,2.853335631398379,0.21075283680740403,0.748311490677976
hidream,hidream_refiner,direct,en_us__us,image,LTO,960,960,191,50,9,710,250,0.564,0.2604166666666667,960,225,67,16,652,308,0.512987012987013,0.32083333333333336,-0.051012987012986954,-0.1634560123894563,0.06108023468141568,"('image', 'direct', 'en_us__us')",12,2.853335631398379,-0.21414030076853924,0.11211432674256533
hidream,hidream_refiner,direct,en_us__us,image,IVR,960,960,346,9,2,603,357,0.9439775910364145,0.371875,960,268,12,5,675,285,0.8982456140350877,0.296875,-0.04573197700132681,-0.09876982063336152,0.00720433517143613,"('image', 'direct', 'en_us__us')",12,2.853335631398379,-0.1219089177715588,0.03044496376890518
hidream,hidream_refiner,direct,en_us__cn,scenario,PDI,960,960,14,89,0,857,103,-0.7281553398058253,0.10729166666666666,960,26,101,0,833,127,-0.5905511811023622,0.13229166666666667,0.1376041587034631,-0.03672302737520127,0.3161699655783627,"('scenario', 'direct', 'en_us__cn')",12,2.886782236260867,-0.12252373767629132,0.3977320550832175
hidream,hidream_refiner,direct,en_us__cn,scenario,IDV,960,960,125,115,2,718,242,0.04132231404958678,0.2520833333333333,960,193,115,4,648,312,0.25,0.325,0.20867768595041322,0.08296792039729814,0.33187676549542316,"('scenario', 'direct', 'en_us__cn')",12,2.886782236260867,0.025560745091149445,0.391794626809677
hidream,hidream_refiner,direct,en_us__cn,scenario,MAS,960,960,48,116,0,796,164,-0.4146341463414634,0.17083333333333334,960,73,123,2,762,198,-0.25252525252525254,0.20625,0.16210889381621085,0.0001749454755190913,0.322178509635699,"('scenario', 'direct', 'en_us__cn')",12,2.886782236260867,-0.07313899081500452,0.39735677844742623
hidream,hidream_refiner,direct,en_us__cn,scenario,UAI,960,960,3,46,0,911,49,-0.8775510204081632,0.051041666666666666,960,16,37,1,906,54,-0.3888888888888889,0.05625,0.48866213151927435,0.2004157782515991,0.7722659801782141,"('scenario', 'direct', 'en_us__cn')",12,2.886782236260867,0.07407353178800258,0.9032507312505461
hidream,hidream_refiner,direct,en_us__cn,scenario,LTO,960,960,39,42,0,879,81,-0.037037037037037035,0.084375,960,85,33,4,838,122,0.4262295081967213,0.12708333333333333,0.4632665452337583,0.22439861909676148,0.7036461678373781,"('scenario', 'direct', 'en_us__cn')",12,2.886782236260867,0.10562474321587861,0.8209083472516381
hidream,hidream_refiner,direct,en_us__cn,scenario,IVR,960,960,164,3,0,793,167,0.9640718562874252,0.17395833333333333,960,125,7,1,827,133,0.8872180451127819,0.13854166666666667,-0.0768538111746433,-0.15748161082207043,-0.00896133931948067,"('scenario', 'direct', 'en_us__cn')",12,2.886782236260867,-0.18695791613957008,0.03325029379028348
hidream,hidream_refiner,direct,en_us__cn,image,PDI,960,960,29,160,2,769,191,-0.6858638743455497,0.19895833333333332,960,45,174,2,739,221,-0.583710407239819,0.23020833333333332,0.1021534671057307,-0.03395988825787569,0.22767468565833734,"('image', 'direct', 'en_us__cn')",12,2.9074809910519943,-0.09176740533153588,0.2960743395429973
hidream,hidream_refiner,direct,en_us__cn,image,IDV,960,960,212,182,31,535,425,0.07058823529411765,0.4427083333333333,960,279,177,29,475,485,0.21030927835051547,0.5052083333333334,0.13972104305639782,0.05886627459020621,0.2178435096908217,"('image', 'direct', 'en_us__cn')",12,2.9074809910519943,0.02139429148724674,0.2580477946255489
hidream,hidream_refiner,direct,en_us__cn,image,MAS,960,960,202,414,40,304,656,-0.3231707317073171,0.6833333333333333,960,237,386,86,251,709,-0.21015514809590974,0.7385416666666667,0.11301558361140734,0.05451015864804092,0.17389303441314197,"('image', 'direct', 'en_us__cn')",12,2.9074809910519943,0.02370410091518871,0.20232706630762598
hidream,hidream_refiner,direct,en_us__cn,image,UAI,960,960,33,93,0,834,126,-0.47619047619047616,0.13125,960,110,63,1,786,174,0.27011494252873564,0.18125,0.7463054187192117,0.5607917824011037,0.935080379044645,"('image', 'direct', 'en_us__cn')",12,2.9074809910519943,0.4688387083516188,1.0237721290868047
hidream,hidream_refiner,direct,en_us__cn,image,LTO,960,960,201,58,6,695,265,0.539622641509434,0.2760416666666667,960,269,55,29,607,353,0.6062322946175638,0.36770833333333336,0.06660965310812983,-0.040272434683519154,0.173998730954647,"('image', 'direct', 'en_us__cn')",12,2.9074809910519943,-0.0916585575560617,0.22487786377232136
hidream,hidream_refiner,direct,en_us__cn,image,IVR,960,960,351,10,1,598,362,0.9419889502762431,0.3770833333333333,960,252,26,7,675,285,0.7929824561403509,0.296875,-0.14900649413589218,-0.21880796065912483,-0.08507652760156487,"('image', 'direct', 'en_us__cn')",12,2.9074809910519943,-0.2477706788044627,-0.05024230946732164
hidream,hidream_refiner,direct,zh_cn__none,scenario,PDI,960,960,6,106,0,848,112,-0.8928571428571429,0.11666666666666667,960,20,107,0,833,127,-0.6850393700787402,0.13229166666666667,0.20781777277840274,0.06506750655815544,0.35216889880952373,"('scenario', 'direct', 'zh_cn__none')",12,2.8759905864167967,-0.003273032971940787,0.4189085785287463
hidream,hidream_refiner,direct,zh_cn__none,scenario,IDV,960,960,122,107,1,730,230,0.06521739130434782,0.23958333333333334,960,210,91,3,656,304,0.39144736842105265,0.31666666666666665,0.3262299771167048,0.1905242979239556,0.4592053466919346,"('scenario', 'direct', 'zh_cn__none')",12,2.8759905864167967,0.13054808586282884,0.5219118683705808
hidream,hidream_refiner,direct,zh_cn__none,scenario,MAS,960,960,72,137,0,751,209,-0.31100478468899523,0.21770833333333334,960,84,147,6,723,237,-0.26582278481012656,0.246875,0.04518199987886867,-0.10371375670483644,0.19724526992213978,"('scenario', 'direct', 'zh_cn__none')",12,2.8759905864167967,-0.17552766525288832,0.26589166501062567
hidream,hidream_refiner,direct,zh_cn__none,scenario,UAI,960,960,1,46,0,913,47,-0.9574468085106383,0.04895833333333333,960,29,42,0,889,71,-0.18309859154929578,0.07395833333333333,0.7743482169613426,0.5238030493093785,1.0277976190476186,"('scenario', 'direct', 'zh_cn__none')",12,2.8759905864167967,0.4016294665160116,1.1470669674066736
hidream,hidream_refiner,direct,zh_cn__none,scenario,LTO,960,960,52,29,1,878,82,0.2804878048780488,0.08541666666666667,960,66,35,3,856,104,0.2980769230769231,0.10833333333333334,0.017589118198874265,-0.2415753745318352,0.27455996233708846,"('scenario', 'direct', 'zh_cn__none')",12,2.8759905864167967,-0.3559207864412372,0.39109902283898573
hidream,hidream_refiner,direct,zh_cn__none,scenario,IVR,960,960,177,3,0,780,180,0.9666666666666667,0.1875,960,114,2,2,842,118,0.9491525423728814,0.12291666666666666,-0.017514124293785294,-0.08409144010195413,0.043279931279428606,"('scenario', 'direct', 'zh_cn__none')",12,2.8759905864167967,-0.11043710184263968,0.07540885325506909
hidream,hidream_refiner,direct,zh_cn__none,image,PDI,960,960,12,192,3,753,207,-0.8695652173913043,0.215625,960,26,185,5,744,216,-0.7361111111111112,0.225,0.13345410628019316,0.040676922323071615,0.22751798756037006,"('image', 'direct', 'zh_cn__none')",12,2.8594028025416707,-0.00482846311943344,0.27173667567981974
hidream,hidream_refiner,direct,zh_cn__none,image,IDV,960,960,258,163,22,517,443,0.2144469525959368,0.46145833333333336,960,283,134,35,508,452,0.32964601769911506,0.4708333333333333,0.11519906510317826,0.03483023937469469,0.19246101657860223,"('image', 'direct', 'zh_cn__none')",12,2.8594028025416707,-0.0009672122213186946,0.2313653424276752
hidream,hidream_refiner,direct,zh_cn__none,image,MAS,960,960,224,428,40,268,692,-0.2947976878612717,0.7208333333333333,960,247,362,73,278,682,-0.16862170087976538,0.7104166666666667,0.1261759869815063,0.06376556538835683,0.19022841787159286,"('image', 'direct', 'zh_cn__none')",12,2.8594028025416707,0.03394654778618482,0.2184054261768278
hidream,hidream_refiner,direct,zh_cn__none,image,UAI,960,960,41,91,1,827,133,-0.37593984962406013,0.13854166666666667,960,101,77,9,773,187,0.12834224598930483,0.19479166666666667,0.5042820956133649,0.31591403567696674,0.6876620053578559,"('image', 'direct', 'zh_cn__none')",12,2.8594028025416707,0.23178576878800378,0.776778422438726
hidream,hidream_refiner,direct,zh_cn__none,image,LTO,960,960,183,46,11,720,240,0.5708333333333333,0.25,960,219,47,25,669,291,0.5910652920962199,0.303125,0.020231958762886637,-0.08585824135090923,0.13318130251210905,"('image', 'direct', 'zh_cn__none')",12,2.8594028025416707,-0.13977948798030884,0.18024340550608212
hidream,hidream_refiner,direct,zh_cn__none,image,IVR,960,960,336,16,1,607,353,0.9065155807365439,0.36770833333333336,960,245,15,14,686,274,0.8394160583941606,0.28541666666666665,-0.06709952234238337,-0.13735824564494425,0.0003739659865083146,"('image', 'direct', 'zh_cn__none')",12,2.8594028025416707,-0.16666003953195066,0.03246099484718393
hidream,hidream_refiner,direct,zh_cn__us,scenario,PDI,960,960,7,127,0,826,134,-0.8955223880597015,0.13958333333333334,960,15,116,0,829,131,-0.7709923664122137,0.13645833333333332,0.12453002164748783,0.022204947391142864,0.23732272611978156,"('scenario', 'direct', 'zh_cn__us')",12,2.88638128635001,-0.0334582162372091,0.2825182595321848
hidream,hidream_refiner,direct,zh_cn__us,scenario,IDV,960,960,123,90,1,746,214,0.1542056074766355,0.22291666666666668,960,205,81,1,673,287,0.43205574912891986,0.2989583333333333,0.2778501416522844,0.14867598018759845,0.4108586768971111,"('scenario', 'direct', 'zh_cn__us')",12,2.88638128635001,0.08492113434956333,0.47077914895500544
hidream,hidream_refiner,direct,zh_cn__us,scenario,MAS,960,960,46,136,0,778,182,-0.4945054945054945,0.18958333333333333,960,70,130,2,758,202,-0.297029702970297,0.21041666666666667,0.1974757915351975,0.05469936678641485,0.33847638625626575,"('scenario', 'direct', 'zh_cn__us')",12,2.88638128635001,-0.014365234935251575,0.40931681800564657
hidream,hidream_refiner,direct,zh_cn__us,scenario,UAI,960,960,3,44,0,913,47,-0.8723404255319149,0.04895833333333333,960,22,36,1,901,59,-0.23728813559322035,0.06145833333333333,0.6350522899386946,0.3220792629013824,0.9245283018867925,"('scenario', 'direct', 'zh_cn__us')",12,2.88638128635001,0.19810721053585428,1.0719973693415348
hidream,hidream_refiner,direct,zh_cn__us,scenario,LTO,960,960,41,21,1,897,63,0.31746031746031744,0.065625,960,82,22,5,851,109,0.5504587155963303,0.11354166666666667,0.23299839813601286,-0.04688018070291777,0.5173558831804386,"('scenario', 'direct', 'zh_cn__us')",12,2.88638128635001,-0.18059705109391394,0.6465938473659396
hidream,hidream_refiner,direct,zh_cn__us,scenario,IVR,960,960,168,1,0,791,169,0.9881656804733728,0.17604166666666668,960,118,5,1,836,124,0.9112903225806451,0.12916666666666668,-0.0768753578927277,-0.14555958992689114,-0.01851851851851849,"('scenario', 'direct', 'zh_cn__us')",12,2.88638128635001,-0.17158208674384395,0.017831370958388562
hidream,hidream_refiner,direct,zh_cn__us,image,PDI,960,960,10,204,2,744,216,-0.8981481481481481,0.225,960,22,194,6,738,222,-0.7747747747747747,0.23125,0.1233733733733734,0.03851019981866378,0.20792140134428036,"('image', 'direct', 'zh_cn__us')",12,2.8435580769968682,-0.0009101386003938366,0.24765688534714064
hidream,hidream_refiner,direct,zh_cn__us,image,IDV,960,960,269,154,23,514,446,0.257847533632287,0.46458333333333335,960,316,136,26,482,478,0.37656903765690375,0.4979166666666667,0.11872150402461673,0.04292191842308989,0.1986352533579189,"('image', 'direct', 'zh_cn__us')",12,2.8435580769968682,0.007769209003370456,0.229673799045863
hidream,hidream_refiner,direct,zh_cn__us,image,MAS,960,960,184,440,51,285,675,-0.37925925925925924,0.703125,960,235,375,70,280,680,-0.20588235294117646,0.7083333333333334,0.17337690631808278,0.11313981032827362,0.23379029057005016,"('image', 'direct', 'zh_cn__us')",12,2.8435580769968682,0.08656656501980292,0.26018724761636264
hidream,hidream_refiner,direct,zh_cn__us,image,UAI,960,960,34,95,0,831,129,-0.4728682170542636,0.134375,960,102,88,10,760,200,0.07,0.20833333333333334,0.5428682170542636,0.35944931402439023,0.7264972527472527,"('image', 'direct', 'zh_cn__us')",12,2.8435580769968682,0.2744270988286266,0.8113093352799006
hidream,hidream_refiner,direct,zh_cn__us,image,LTO,960,960,189,45,9,717,243,0.5925925925925926,0.253125,960,234,48,20,658,302,0.6158940397350994,0.3145833333333333,0.023301447142506815,-0.09305845940247454,0.1387004929377337,"('image', 'direct', 'zh_cn__us')",12,2.8435580769968682,-0.14532383307043828,0.1919267273554519
hidream,hidream_refiner,direct,zh_cn__us,image,IVR,960,960,343,10,2,605,355,0.9380281690140845,0.3697916666666667,960,265,17,6,672,288,0.8611111111111112,0.3,-0.07691705790297332,-0.1384888213160334,-0.019975879997899394,"('image', 'direct', 'zh_cn__us')",12,2.8435580769968682,-0.16270835982009269,0.008874244014146063
hidream,hidream_refiner,direct,zh_cn__cn,scenario,PDI,960,960,13,88,0,859,101,-0.7425742574257426,0.10520833333333333,960,26,102,0,832,128,-0.59375,0.13333333333333333,0.14882425742574257,-0.015816811998604838,0.31357850118732644,"('scenario', 'direct', 'zh_cn__cn')",12,2.8527594109198815,-0.08965772209600378,0.3873062369474889
hidream,hidream_refiner,direct,zh_cn__cn,scenario,IDV,960,960,111,111,0,738,222,0.0,0.23125,960,182,109,1,668,292,0.25,0.30416666666666664,0.25,0.10865529238592063,0.39211692286438216,"('scenario', 'direct', 'zh_cn__cn')",12,2.8527594109198815,0.044438382895443246,0.4555616171045568
hidream,hidream_refiner,direct,zh_cn__cn,scenario,MAS,960,960,61,121,0,778,182,-0.32967032967032966,0.18958333333333333,960,87,148,7,718,242,-0.25206611570247933,0.2520833333333333,0.07760421396785033,-0.06701719502668096,0.23010345068682705,"('scenario', 'direct', 'zh_cn__cn')",12,2.8527594109198815,-0.13476120257568297,0.28996963051138364
hidream,hidream_refiner,direct,zh_cn__cn,scenario,UAI,960,960,4,43,0,913,47,-0.8297872340425532,0.04895833333333333,960,24,42,0,894,66,-0.2727272727272727,0.06875,0.5570599613152805,0.29747682733988207,0.819122687313867,"('scenario', 'direct', 'zh_cn__cn')",12,2.8527594109198815,0.18227134026069702,0.9318485823698639
hidream,hidream_refiner,direct,zh_cn__cn,scenario,LTO,960,960,45,32,1,882,78,0.16666666666666666,0.08125,960,73,48,5,834,126,0.1984126984126984,0.13125,0.031746031746031744,-0.23198183516678722,0.2940408787119312,"('scenario', 'direct', 'zh_cn__cn')",12,2.8527594109198815,-0.35607525367863324,0.41956731717069673
hidream,hidream_refiner,direct,zh_cn__cn,scenario,IVR,960,960,183,4,0,773,187,0.9572192513368984,0.19479166666666667,960,116,6,2,836,124,0.8870967741935484,0.12916666666666668,-0.07012247714335007,-0.1565070391604202,0.007276647625943482,"('scenario', 'direct', 'zh_cn__cn')",12,2.8527594109198815,-0.18869119235905568,0.048446238072355555
hidream,hidream_refiner,direct,zh_cn__cn,image,PDI,960,960,25,176,1,758,202,-0.7475247524752475,0.21041666666666667,960,50,152,9,749,211,-0.4834123222748815,0.21979166666666666,0.264112430200366,0.14001571214494363,0.3844532605496846,"('image', 'direct', 'zh_cn__cn')",12,2.8224861959478016,0.08925468462004671,0.4389701757806853
hidream,hidream_refiner,direct,zh_cn__cn,image,IDV,960,960,238,177,26,519,441,0.1383219954648526,0.459375,960,268,157,30,505,455,0.24395604395604395,0.4739583333333333,0.10563404849119135,0.020867882270547953,0.18718947016202436,"('image', 'direct', 'zh_cn__cn')",12,2.8224861959478016,-0.013249449322687776,0.22451754630507048
hidream,hidream_refiner,direct,zh_cn__cn,image,MAS,960,960,216,433,44,267,693,-0.31313131313131315,0.721875,960,243,377,73,267,693,-0.19336219336219337,0.721875,0.11976911976911978,0.05963784712547067,0.1812161048262951,"('image', 'direct', 'zh_cn__cn')",12,2.8224861959478016,0.03286320832363042,0.20667503121460912
hidream,hidream_refiner,direct,zh_cn__cn,image,UAI,960,960,36,77,0,847,113,-0.36283185840707965,0.11770833333333333,960,107,72,7,774,186,0.1881720430107527,0.19375,0.5510039014178323,0.3515268394978326,0.753236977306126,"('image', 'direct', 'zh_cn__cn')",12,2.8224861959478016,0.2576039955917744,0.8444038072438902
hidream,hidream_refiner,direct,zh_cn__cn,image,LTO,960,960,193,52,6,709,251,0.5617529880478087,0.26145833333333335,960,235,61,31,633,327,0.5321100917431193,0.340625,-0.029642896304689414,-0.1446181416186653,0.08204525542842771,"('image', 'direct', 'zh_cn__cn')",12,2.8224861959478016,-0.19318617521542705,0.13390038260604822
hidream,hidream_refiner,direct,zh_cn__cn,image,IVR,960,960,354,13,2,591,369,0.924119241192412,0.384375,960,244,17,11,688,272,0.8345588235294118,0.2833333333333333,-0.08956041766300016,-0.15913803772575288,-0.02649067990832712,"('image', 'direct', 'zh_cn__cn')",12,2.8224861959478016,-0.18555880306966802,0.0064379677436677
hidream,hidream_refiner,interaction,language_none,scenario,PDI,960,,,,,,,0.0711068211068211,,,,,,,,0.2415661345084158,,0.1704593134015947,0.0215959039423354,0.3209427050789417,"('scenario', 'interaction', 'language_none')",12,2.8584329483026787,-0.044135343474818456,0.38505397027800786
hidream,hidream_refiner,interaction,language_none,scenario,IDV,960,,,,,,,-0.19937404838436812,,,,,,,,-0.05117558239861947,,0.14819846598574865,-0.015428940146078816,0.3183150256947002,"('scenario', 'interaction', 'language_none')",12,2.8584329483026787,-0.0952049352880169,0.3916018672595142
hidream,hidream_refiner,interaction,language_none,scenario,MAS,960,,,,,,,0.07697335738750749,,,,,,,,0.04800700242391598,,-0.028966354963591512,-0.22228284191986697,0.16454411842213848,"('scenario', 'interaction', 'language_none')",12,2.8584329483026787,-0.30908054817352415,0.2511478382463411
hidream,hidream_refiner,interaction,language_none,scenario,UAI,960,,,,,,,-0.1313598519888992,,,,,,,,0.05326504481434058,,0.1846248968032398,-0.16470270461928993,0.5321034350466546,"('scenario', 'interaction', 'language_none')",12,2.8584329483026787,-0.3194784651430572,0.6887282587495368
hidream,hidream_refiner,interaction,language_none,scenario,LTO,960,,,,,,,-0.023860021208907733,,,,,,,,-0.00874125874125875,,0.015118762467648983,-0.3538220736317776,0.36441485777086075,"('scenario', 'interaction', 'language_none')",12,2.8584329483026787,-0.513937947253778,0.5441754721890759
hidream,hidream_refiner,interaction,language_none,scenario,IVR,960,,,,,,,-0.009381237524950126,,,,,,,,0.026671922217842647,,0.03605315974279277,-0.050890648481511785,0.12568732721363537,"('scenario', 'interaction', 'language_none')",12,2.8584329483026787,-0.09186010588567087,0.1639664253712564
hidream,hidream_refiner,interaction,language_none,image,PDI,960,,,,,,,0.04164973587972376,,,,,,,,0.08451669157947184,,0.04286695569974808,-0.07513711605955338,0.16778179296885903,"('image', 'interaction', 'language_none')",12,2.8400779337055364,-0.13405995146066887,0.21979386286016503
hidream,hidream_refiner,interaction,language_none,image,IDV,960,,,,,,,-0.035553047404063204,,,,,,,,-0.0370917221729532,,-0.001538674768889997,-0.11338044536444421,0.10539506886699161,"('image', 'interaction', 'language_none')",12,2.8400779337055364,-0.1587271602124678,0.1556498106746878
hidream,hidream_refiner,interaction,language_none,image,MAS,960,,,,,,,0.033167173046488196,,,,,,,,0.0710232695344358,,0.037856096487947605,-0.043773651122100424,0.11802978087391656,"('image', 'interaction', 'language_none')",12,2.8400779337055364,-0.08052199763541804,0.15623419061131325
hidream,hidream_refiner,interaction,language_none,image,UAI,960,,,,,,,-0.11387088410681873,,,,,,,,-0.07052139037433153,,0.0433494937324872,-0.19054638196728324,0.2691832741261762,"('image', 'interaction', 'language_none')",12,2.8400779337055364,-0.28910135212192273,0.3758003395868971
hidream,hidream_refiner,interaction,language_none,image,LTO,960,,,,,,,-0.012500000000000067,,,,,,,,-0.004090417246340627,,0.00840958275365944,-0.14865657163694762,0.1645622399517514,"('image', 'interaction', 'language_none')",12,2.8400779337055364,-0.21883475843378017,0.23565392394109905
hidream,hidream_refiner,interaction,language_none,image,IVR,960,,,,,,,-0.025837360439926682,,,,,,,,-0.020723801745699544,,0.005113558694227138,-0.07391178184253382,0.08623837512799933,"('image', 'interaction', 'language_none')",12,2.8400779337055364,-0.11304419472086169,0.12327131210931597
hidream,hidream_refiner,interaction,cue_en,scenario,PDI,960,,,,,,,0.22460056570598574,,,,,,,,0.32541520545225966,,0.10081463974627392,-0.09651770772746787,0.2999544393679304,"('scenario', 'interaction', 'cue_en')",12,2.889705351795399,-0.18993358665329818,0.391562866145846
hidream,hidream_refiner,interaction,cue_en,scenario,IDV,960,,,,,,,-0.17144364339722173,,,,,,,,-0.22435897435897434,,-0.052915330961752605,-0.1989003227254643,0.09900860485999109,"('scenario', 'interaction', 'cue_en')",12,2.889705351795399,-0.27351409940105936,0.16768343747755415
hidream,hidream_refiner,interaction,cue_en,scenario,MAS,960,,,,,,,-0.05416903006239365,,,,,,,,0.08431685273790535,,0.138485882800299,-0.05963052943640484,0.3292764580113287,"('scenario', 'interaction', 'cue_en')",12,2.889705351795399,-0.14699995782175795,0.42397172342235595
hidream,hidream_refiner,interaction,cue_en,scenario,UAI,960,,,,,,,0.022448979591836782,,,,,,,,-0.03295668549905839,,-0.05540566509089517,-0.3875485970218297,0.26058290836684606,"('scenario', 'interaction', 'cue_en')",12,2.889705351795399,-0.52683305702185,0.41602172684005967
hidream,hidream_refiner,interaction,cue_en,scenario,LTO,960,,,,,,,-0.2037037037037037,,,,,,,,-0.07377049180327871,,0.12993321190042498,-0.20064654941118282,0.4592916697233391,"('scenario', 'interaction', 'cue_en')",12,2.889705351795399,-0.3526808489272666,0.6125472727281166
hidream,hidream_refiner,interaction,cue_en,scenario,IVR,960,,,,,,,-0.0014453850918851874,,,,,,,,-0.06992481203007528,,-0.06847942693819009,-0.1523443221231812,0.009312382257898839,"('scenario', 'interaction', 'cue_en')",12,2.889705351795399,-0.1886170271696525,0.05165817329327234
hidream,hidream_refiner,interaction,cue_en,image,PDI,960,,,,,,,0.1665170780354026,,,,,,,,0.26491344597119015,,0.09839636793578754,-0.04846343828553479,0.23726497023246407,"('image', 'interaction', 'cue_en')",12,2.891889730361959,-0.11158525385133741,0.3083779897229125
hidream,hidream_refiner,interaction,cue_en,image,IDV,960,,,,,,,-0.14353477153959535,,,,,,,,-0.19747760689538615,,-0.05394283535579081,-0.1588748310771804,0.045637206793973165,"('image', 'interaction', 'cue_en')",12,2.891889730361959,-0.2051847414018651,0.09729907069028348
hidream,hidream_refiner,interaction,cue_en,image,MAS,960,,,,,,,0.004573170731707321,,,,,,,,0.002672840242282676,,-0.0019003304894246453,-0.08368549113768338,0.08086429472125364,"('image', 'interaction', 'cue_en')",12,2.891889730361959,-0.12314361916385574,0.11934295818500645
hidream,hidream_refiner,interaction,cue_en,image,UAI,960,,,,,,,-0.25396825396825395,,,,,,,,0.012805001008267813,,0.26677325497652177,0.027512761978503154,0.49907511661326903,"('image', 'interaction', 'cue_en')",12,2.891889730361959,-0.08590347834993434,0.6194499883029778
hidream,hidream_refiner,interaction,cue_en,image,LTO,960,,,,,,,-0.024377358490565992,,,,,,,,0.09324528163055079,,0.11762264012111678,-0.021895465831604916,0.2560734174715369,"('image', 'interaction', 'cue_en')",12,2.891889730361959,-0.08667551123921621,0.3219207914814498
hidream,hidream_refiner,interaction,cue_en,image,IVR,960,,,,,,,-0.0019886407601714673,,,,,,,,-0.10526315789473684,,-0.10327451713456537,-0.17764039323514036,-0.032918689965598345,"('image', 'interaction', 'cue_en')",12,2.891889730361959,-0.21041057371222732,0.0038615394430965844
hidream,hidream_refiner,interaction,cue_zh,scenario,PDI,960,,,,,,,0.15294813063395896,,,,,,,,0.1772423664122137,,0.024294235778254736,-0.13892005151176876,0.19338642282259347,"('scenario', 'interaction', 'cue_zh')",12,2.9048148525357793,-0.22401590826924517,0.27260437982575464
hidream,hidream_refiner,interaction,cue_zh,scenario,IDV,960,,,,,,,-0.1542056074766355,,,,,,,,-0.18205574912891986,,-0.02785014165228436,-0.1916930167518592,0.12383323821125962,"('scenario', 'interaction', 'cue_zh')",12,2.9048148525357793,-0.25982812031202185,0.20412783700745316
hidream,hidream_refiner,interaction,cue_zh,scenario,MAS,960,,,,,,,0.16483516483516486,,,,,,,,0.044963587267817684,,-0.11987157756734718,-0.28781310001890514,0.042092424019122096,"('scenario', 'interaction', 'cue_zh')",12,2.9048148525357793,-0.3651450848764138,0.12540192974171943
hidream,hidream_refiner,interaction,cue_zh,scenario,UAI,960,,,,,,,0.042553191489361764,,,,,,,,-0.03543913713405236,,-0.07799232862341413,-0.41143695173609085,0.2594993417891805,"('scenario', 'interaction', 'cue_zh')",12,2.9048148525357793,-0.5783954099538011,0.4224107527069729
hidream,hidream_refiner,interaction,cue_zh,scenario,LTO,960,,,,,,,-0.15079365079365079,,,,,,,,-0.35204601718363193,,-0.20125236638998115,-0.49998663910301233,0.08342770857274678,"('scenario', 'interaction', 'cue_zh')",12,2.9048148525357793,-0.630309920969651,0.22780518818968867
hidream,hidream_refiner,interaction,cue_zh,scenario,IVR,960,,,,,,,-0.030946429136474385,,,,,,,,-0.024193548387096753,,0.006752880749377632,-0.0705276223113735,0.08144844408583575,"('scenario', 'interaction', 'cue_zh')",12,2.9048148525357793,-0.10622837337622748,0.11973413487498274
hidream,hidream_refiner,interaction,cue_zh,image,PDI,960,,,,,,,0.15062339567290062,,,,,,,,0.29136245249989323,,0.14073905682699261,0.015077475272128946,0.27245450460451914,"('image', 'interaction', 'cue_zh')",12,2.858086737573703,-0.04701675316133552,0.32849486681532075
hidream,hidream_refiner,interaction,cue_zh,image,IDV,960,,,,,,,-0.11952553816743441,,,,,,,,-0.1326129937008598,,-0.013087455533425385,-0.11221335506855805,0.08488468623863325,"('image', 'interaction', 'cue_zh')",12,2.858086737573703,-0.15842397617728923,0.13224906511043846
hidream,hidream_refiner,interaction,cue_zh,image,MAS,960,,,,,,,0.06612794612794609,,,,,,,,0.012520159578983087,,-0.053607786548963005,-0.1272011350740939,0.020652042805060805,"('image', 'interaction', 'cue_zh')",12,2.858086737573703,-0.16101172020631932,0.05379614710839331
hidream,hidream_refiner,interaction,cue_zh,image,UAI,960,,,,,,,0.11003635864718392,,,,,,,,0.11817204301075268,,0.008135684363568763,-0.2194068626755187,0.2404756214142055,"('image', 'interaction', 'cue_zh')",12,2.858086737573703,-0.33031066311364793,0.34658203184078545
hidream,hidream_refiner,interaction,cue_zh,image,LTO,960,,,,,,,-0.03083960454478385,,,,,,,,-0.08378394799198008,,-0.05294434344719623,-0.19410454540042285,0.08792536513807633,"('image', 'interaction', 'cue_zh')",12,2.858086737573703,-0.25850448399357606,0.1526157970991836
hidream,hidream_refiner,interaction,cue_zh,image,IVR,960,,,,,,,-0.013908927821672523,,,,,,,,-0.026552287581699363,,-0.01264335976002684,-0.09850116558569892,0.06970427847381477,"('image', 'interaction', 'cue_zh')",12,2.858086737573703,-0.1347794973648877,0.10949277784483401
flux2,flux2_upsampler,direct,pooled,scenario,PDI,960,5760,143,518,0,5099,661,-0.56732223903177,0.11475694444444444,5760,100,577,1,5082,678,-0.7035398230088495,0.11770833333333333,-0.1362175839770795,-0.2316909540750815,-0.04622705573524987,"('scenario', 'direct', 'pooled')",12,2.8785174892083307,-0.2737987016931804,0.001363533739021372
flux2,flux2_upsampler,direct,pooled,scenario,IDV,960,5760,829,452,9,4470,1290,0.29224806201550385,0.22395833333333334,5760,1232,450,26,4052,1708,0.45784543325526933,0.2965277777777778,0.16559737123976548,0.09740722832481752,0.2342810668428202,"('scenario', 'direct', 'pooled')",12,2.8785174892083307,0.06669161312831187,0.2645031293512191
flux2,flux2_upsampler,direct,pooled,scenario,MAS,960,5760,274,511,6,4969,791,-0.2996207332490518,0.1373263888888889,5760,337,643,25,4755,1005,-0.3044776119402985,0.17447916666666666,-0.00485687869124668,-0.09909711017917879,0.0884911526487954,"('scenario', 'direct', 'pooled')",12,2.8785174892083307,-0.1426503103700229,0.13293655298752954
flux2,flux2_upsampler,direct,pooled,scenario,UAI,960,5760,114,120,0,5526,234,-0.02564102564102564,0.040625,5760,127,222,1,5410,350,-0.2714285714285714,0.06076388888888889,-0.24578754578754577,-0.4472940225739264,-0.04066880141253245,"('scenario', 'direct', 'pooled')",12,2.8785174892083307,-0.5399319206341289,0.04835682905903735
flux2,flux2_upsampler,direct,pooled,scenario,LTO,960,5760,184,131,1,5444,316,0.16772151898734178,0.05486111111111111,5760,385,162,14,5199,561,0.39750445632798576,0.09739583333333333,0.22978293734064398,0.07515834758551845,0.3848678612904606,"('scenario', 'direct', 'pooled')",12,2.8785174892083307,0.0021392596539867026,0.45742661502730125
flux2,flux2_upsampler,direct,pooled,scenario,IVR,960,5760,555,49,3,5153,607,0.8336079077429983,0.10538194444444444,5760,721,40,4,4995,765,0.8901960784313725,0.1328125,0.056588170688374184,-0.011798797558330736,0.12941405200576758,"('scenario', 'direct', 'pooled')",12,2.8785174892083307,-0.04809408140579641,0.16127042278254478
flux2,flux2_upsampler,direct,pooled,image,PDI,960,5760,252,906,30,4572,1188,-0.5505050505050505,0.20625,5760,225,1056,37,4442,1318,-0.6305007587253414,0.22881944444444444,-0.0799957082202909,-0.1522386358615093,-0.011702543143036988,"('image', 'direct', 'pooled')",12,2.8798548326574798,-0.18331027296242836,0.02331885652184658
flux2,flux2_upsampler,direct,pooled,image,IDV,960,5760,1448,793,154,3365,2395,0.27348643006263046,0.4157986111111111,5760,1812,839,199,2910,2850,0.3414035087719298,0.4947916666666667,0.06791707870929936,0.03044031457645107,0.1055280481268133,"('image', 'direct', 'pooled')",12,2.8798548326574798,0.012826830015341045,0.12300732740325768
flux2,flux2_upsampler,direct,pooled,image,MAS,960,5760,1149,1968,247,2396,3364,-0.2434601664684899,0.5840277777777778,5760,1335,2146,454,1825,3935,-0.20609911054637867,0.6831597222222222,0.037361055922111225,0.0031003968422835615,0.07125783773746736,"('image', 'direct', 'pooled')",12,2.8798548326574798,-0.012907547253259578,0.08762965909748202
flux2,flux2_upsampler,direct,pooled,image,UAI,960,5760,633,261,11,4855,905,0.41104972375690607,0.15711805555555555,5760,629,468,34,4629,1131,0.14235190097259062,0.19635416666666666,-0.2686978227843154,-0.35270086189003147,-0.18906995986418632,"('image', 'direct', 'pooled')",12,2.8798548326574798,-0.38592538220736683,-0.15147026336126404
flux2,flux2_upsampler,direct,pooled,image,LTO,960,5760,949,324,63,4424,1336,0.46781437125748504,0.23194444444444445,5760,1289,351,126,3994,1766,0.5311438278595696,0.30659722222222224,0.06332945660208456,0.009287825180793245,0.12016906512927013,"('image', 'direct', 'pooled')",12,2.8798548326574798,-0.01820085827467638,0.1448597714788455
flux2,flux2_upsampler,direct,pooled,image,IVR,960,5760,1285,123,21,4331,1429,0.8131560531840448,0.24809027777777778,5760,1521,113,47,4079,1681,0.8375966686496134,0.29184027777777777,0.024440615465568527,-0.01592751146467805,0.06849342774726856,"('image', 'direct', 'pooled')",12,2.8798548326574798,-0.03706500891116465,0.08594623984230171
flux2,flux2_upsampler,direct,en_us__none,scenario,PDI,960,960,12,93,0,855,105,-0.7714285714285715,0.109375,960,8,99,1,852,108,-0.8425925925925926,0.1125,-0.0711640211640211,-0.2068826186601122,0.061157876575496595,"('scenario', 'direct', 'en_us__none')",12,2.8759980948476946,-0.26520517011931777,0.12287712779127558
flux2,flux2_upsampler,direct,en_us__none,scenario,IDV,960,960,132,81,3,744,216,0.2361111111111111,0.225,960,214,88,6,652,308,0.4090909090909091,0.32083333333333336,0.172979797979798,0.055904603766813145,0.29283847389739986,"('scenario', 'direct', 'en_us__none')",12,2.8759980948476946,-0.0014642930741227689,0.3474238890337188
flux2,flux2_upsampler,direct,en_us__none,scenario,MAS,960,960,38,86,2,834,126,-0.38095238095238093,0.13125,960,58,119,6,777,183,-0.3333333333333333,0.190625,0.047619047619047616,-0.11276095276832229,0.20855989982017434,"('scenario', 'direct', 'en_us__none')",12,2.8759980948476946,-0.18783951849310843,0.28307761373120366
flux2,flux2_upsampler,direct,en_us__none,scenario,UAI,960,960,22,19,0,919,41,0.07317073170731707,0.042708333333333334,960,22,41,0,897,63,-0.30158730158730157,0.065625,-0.37475803329461865,-0.7136238217945535,-0.037195600045674466,"('scenario', 'direct', 'en_us__none')",12,2.8759980948476946,-0.8793293334681994,0.1298132668789621
flux2,flux2_upsampler,direct,en_us__none,scenario,LTO,960,960,19,16,0,925,35,0.08571428571428572,0.036458333333333336,960,60,26,0,874,86,0.3953488372093023,0.08958333333333333,0.3096345514950166,-0.06150767793691554,0.6666666666666666,"('scenario', 'direct', 'en_us__none')",12,2.8759980948476946,-0.230815741691634,0.8500848446816672
flux2,flux2_upsampler,direct,en_us__none,scenario,IVR,960,960,100,4,0,856,104,0.9230769230769231,0.10833333333333334,960,124,9,2,825,135,0.8518518518518519,0.140625,-0.07122507122507127,-0.1790629923351169,0.03873455732068792,"('scenario', 'direct', 'en_us__none')",12,2.8759980948476946,-0.22960668428173192,0.08715654183158938
flux2,flux2_upsampler,direct,en_us__none,image,PDI,960,960,23,147,3,787,173,-0.7167630057803468,0.18020833333333333,960,28,197,5,730,230,-0.7347826086956522,0.23958333333333334,-0.018019602915305355,-0.13348931351197704,0.10059400320579534,"('image', 'direct', 'en_us__none')",12,2.8499307677799095,-0.18840363793053813,0.15236443209992742
flux2,flux2_upsampler,direct,en_us__none,image,IDV,960,960,256,111,33,560,400,0.3625,0.4166666666666667,960,325,146,37,452,508,0.35236220472440943,0.5291666666666667,-0.010137795275590555,-0.08384520760415048,0.060851216759809736,"('image', 'direct', 'en_us__none')",12,2.8499307677799095,-0.11458652693914287,0.09431093638796176
flux2,flux2_upsampler,direct,en_us__none,image,MAS,960,960,177,337,39,407,553,-0.28933092224231466,0.5760416666666667,960,218,386,66,290,670,-0.2507462686567164,0.6979166666666666,0.03858465358559826,-0.023456818215109945,0.09998839135547996,"('image', 'direct', 'en_us__none')",12,2.8499307677799095,-0.05199874609335374,0.12916805326455028
flux2,flux2_upsampler,direct,en_us__none,image,UAI,960,960,106,47,1,806,154,0.38311688311688313,0.16041666666666668,960,109,81,6,764,196,0.14285714285714285,0.20416666666666666,-0.24025974025974028,-0.3934913554897047,-0.0947037626009003,"('image', 'direct', 'en_us__none')",12,2.8499307677799095,-0.4588121091184477,-0.02170737140103285
flux2,flux2_upsampler,direct,en_us__none,image,LTO,960,960,135,57,7,761,199,0.39195979899497485,0.20729166666666668,960,212,50,22,676,284,0.5704225352112676,0.29583333333333334,0.17846273621629277,0.05906106211678189,0.3040332577572854,"('image', 'direct', 'en_us__none')",12,2.8499307677799095,0.0005237097587788841,0.35640176267380663
flux2,flux2_upsampler,direct,en_us__none,image,IVR,960,960,226,13,4,717,243,0.8765432098765432,0.253125,960,262,22,10,666,294,0.8163265306122449,0.30625,-0.0602166792642983,-0.1355488009937078,0.011815147319648492,"('image', 'direct', 'en_us__none')",12,2.8499307677799095,-0.16910419579944763,0.048670837270851044
flux2,flux2_upsampler,direct,en_us__us,scenario,PDI,960,960,9,104,0,847,113,-0.8407079646017699,0.11770833333333333,960,9,108,0,843,117,-0.8461538461538461,0.121875,-0.005445881552076259,-0.12865870518688025,0.1163725253500724,"('scenario', 'direct', 'en_us__us')",12,2.878321114036342,-0.18377271314253302,0.1728809500383805
flux2,flux2_upsampler,direct,en_us__us,scenario,IDV,960,960,167,62,3,728,232,0.4525862068965517,0.24166666666666667,960,219,67,9,665,295,0.5152542372881356,0.3072916666666667,0.06266803039158386,-0.04708783001378504,0.17089464929682655,"('scenario', 'direct', 'en_us__us')",12,2.878321114036342,-0.09617459655219601,0.22151065733536374
flux2,flux2_upsampler,direct,en_us__us,scenario,MAS,960,960,33,91,2,834,126,-0.4603174603174603,0.13125,960,59,105,5,791,169,-0.27218934911242604,0.17604166666666668,0.18812811120503425,0.02100150208986416,0.34760779372346834,"('scenario', 'direct', 'en_us__us')",12,2.878321114036342,-0.05190487827917087,0.4281611006892394
flux2,flux2_upsampler,direct,en_us__us,scenario,UAI,960,960,15,24,0,921,39,-0.23076923076923078,0.040625,960,23,46,0,891,69,-0.3333333333333333,0.071875,-0.10256410256410253,-0.42740429373996786,0.2149629040805509,"('scenario', 'direct', 'en_us__us')",12,2.878321114036342,-0.5718386794140848,0.3667104742858797
flux2,flux2_upsampler,direct,en_us__us,scenario,LTO,960,960,27,22,0,911,49,0.10204081632653061,0.051041666666666666,960,76,19,5,860,100,0.57,0.10416666666666667,0.46795918367346934,0.1598670867005196,0.7641779173207742,"('scenario', 'direct', 'en_us__us')",12,2.878321114036342,0.02345985216822022,0.9124585151787185
flux2,flux2_upsampler,direct,en_us__us,scenario,IVR,960,960,106,6,1,847,113,0.8849557522123894,0.11770833333333333,960,134,7,0,819,141,0.900709219858156,0.146875,0.015753467645766572,-0.08597521969264964,0.12107471305603505,"('scenario', 'direct', 'en_us__us')",12,2.878321114036342,-0.13373062254226215,0.1652375578337953
flux2,flux2_upsampler,direct,en_us__us,image,PDI,960,960,21,167,5,767,193,-0.7564766839378239,0.20104166666666667,960,24,192,4,740,220,-0.7636363636363637,0.22916666666666666,-0.0071596796985398115,-0.11068436030031056,0.09617185053928934,"('image', 'direct', 'en_us__us')",12,2.853335631398379,-0.159955553214886,0.14563619381780638
flux2,flux2_upsampler,direct,en_us__us,image,IDV,960,960,272,115,26,547,413,0.3801452784503632,0.43020833333333336,960,324,122,39,475,485,0.41649484536082476,0.5052083333333334,0.03634956691046154,-0.0364501680286835,0.10767372933408843,"('image', 'direct', 'en_us__us')",12,2.853335631398379,-0.06752333637876985,0.14022247019969292
flux2,flux2_upsampler,direct,en_us__us,image,MAS,960,960,173,334,38,415,545,-0.29541284403669726,0.5677083333333334,960,208,367,92,293,667,-0.2383808095952024,0.6947916666666667,0.05703203444149488,-0.00437573100975202,0.11807880819559326,"('image', 'direct', 'en_us__us')",12,2.853335631398379,-0.03297797747444765,0.1470420463574374
flux2,flux2_upsampler,direct,en_us__us,image,UAI,960,960,96,55,2,807,153,0.2679738562091503,0.159375,960,110,86,4,760,200,0.12,0.20833333333333334,-0.14797385620915032,-0.30757923053570996,0.012619230205306628,"('image', 'direct', 'en_us__us')",12,2.853335631398379,-0.38125621317814773,0.08530850075984706
flux2,flux2_upsampler,direct,en_us__us,image,LTO,960,960,149,58,8,745,215,0.4232558139534884,0.22395833333333334,960,218,50,18,674,286,0.5874125874125874,0.29791666666666666,0.16415677345909901,0.04310099386148993,0.28878599860659054,"('image', 'direct', 'en_us__us')",12,2.853335631398379,-0.013405395141658477,0.34171894205985653
flux2,flux2_upsampler,direct,en_us__us,image,IVR,960,960,230,22,1,707,253,0.8221343873517787,0.2635416666666667,960,279,14,5,662,298,0.889261744966443,0.3104166666666667,0.06712735761466426,-0.0024961796738018458,0.13814863386241,"('image', 'direct', 'en_us__us')",12,2.853335631398379,-0.03601381312612291,0.17026852835545142
flux2,flux2_upsampler,direct,en_us__cn,scenario,PDI,960,960,25,79,0,856,104,-0.5192307692307693,0.10833333333333334,960,26,73,0,861,99,-0.47474747474747475,0.103125,0.04448329448329452,-0.15217908902691513,0.24628731306619328,"('scenario', 'direct', 'en_us__cn')",12,2.886782236260867,-0.2501746629999575,0.33914125196654654
flux2,flux2_upsampler,direct,en_us__cn,scenario,IDV,960,960,138,93,1,728,232,0.1939655172413793,0.24166666666666667,960,192,89,2,677,283,0.36395759717314485,0.2947916666666667,0.16999207993176554,0.04705873582839647,0.2908332514038196,"('scenario', 'direct', 'en_us__cn')",12,2.886782236260867,-0.008910729922832067,0.3488948897863632
flux2,flux2_upsampler,direct,en_us__cn,scenario,MAS,960,960,52,84,1,823,137,-0.23357664233576642,0.14270833333333333,960,54,111,2,793,167,-0.3413173652694611,0.17395833333333333,-0.10774072293369469,-0.27695777917609915,0.06259062057715115,"('scenario', 'direct', 'en_us__cn')",12,2.886782236260867,-0.35855164098402315,0.14307019511663377
flux2,flux2_upsampler,direct,en_us__cn,scenario,UAI,960,960,18,18,0,924,36,0.0,0.0375,960,15,33,0,912,48,-0.375,0.05,-0.375,-0.7609789972899729,0.018734744469870012,"('scenario', 'direct', 'en_us__cn')",12,2.886782236260867,-0.9407003601607155,0.19070036016071545
flux2,flux2_upsampler,direct,en_us__cn,scenario,LTO,960,960,35,26,0,899,61,0.14754098360655737,0.06354166666666666,960,69,34,0,857,103,0.33980582524271846,0.10729166666666666,0.1922648416361611,-0.0650382871220324,0.441665762960696,"('scenario', 'direct', 'en_us__cn')",12,2.886782236260867,-0.18597115860821922,0.5705008418805414
flux2,flux2_upsampler,direct,en_us__cn,scenario,IVR,960,960,88,14,1,857,103,0.7184466019417476,0.10729166666666666,960,117,9,0,834,126,0.8571428571428571,0.13125,0.1386962552011095,0.009125606267540914,0.2755322844104792,"('scenario', 'direct', 'en_us__cn')",12,2.886782236260867,-0.056060199861592386,0.3334527102638114
flux2,flux2_upsampler,direct,en_us__cn,image,PDI,960,960,66,142,5,747,213,-0.3568075117370892,0.221875,960,59,141,6,754,206,-0.39805825242718446,0.21458333333333332,-0.04125074069009527,-0.18272584094840938,0.10218144432553565,"('image', 'direct', 'en_us__cn')",12,2.9074809910519943,-0.25051482561758903,0.1680133442373985
flux2,flux2_upsampler,direct,en_us__cn,image,IDV,960,960,217,157,28,558,402,0.14925373134328357,0.41875,960,269,152,29,510,450,0.26,0.46875,0.11074626865671644,0.033417684239394944,0.19043831924094373,"('image', 'direct', 'en_us__cn')",12,2.9074809910519943,-0.006487881994114403,0.22798041930754728
flux2,flux2_upsampler,direct,en_us__cn,image,MAS,960,960,200,327,44,389,571,-0.2224168126094571,0.5947916666666667,960,228,349,62,321,639,-0.18935837245696402,0.665625,0.03305844015249307,-0.03239064907379709,0.0956553201773717,"('image', 'direct', 'en_us__cn')",12,2.9074809910519943,-0.06168748457185165,0.12780436487683777
flux2,flux2_upsampler,direct,en_us__cn,image,UAI,960,960,97,46,3,814,146,0.3493150684931507,0.15208333333333332,960,91,70,3,796,164,0.12804878048780488,0.17083333333333334,-0.2212662880053458,-0.39658415816596926,-0.04715939489482862,"('image', 'direct', 'en_us__cn')",12,2.9074809910519943,-0.47811300139324286,0.03558042538255124
flux2,flux2_upsampler,direct,en_us__cn,image,LTO,960,960,170,56,17,717,243,0.4691358024691358,0.253125,960,211,76,22,651,309,0.4368932038834951,0.321875,-0.03224259858564066,-0.13781202956680197,0.07428249537996175,"('image', 'direct', 'en_us__cn')",12,2.9074809910519943,-0.18948909641531048,0.12500389924402916
flux2,flux2_upsampler,direct,en_us__cn,image,IVR,960,960,208,28,5,719,241,0.7468879668049793,0.25104166666666666,960,249,17,5,689,271,0.8560885608856088,0.28229166666666666,0.10920059408062954,0.029221010367351825,0.18883041664421324,"('image', 'direct', 'en_us__cn')",12,2.9074809910519943,-0.009037047924813621,0.22743823608607272
flux2,flux2_upsampler,direct,zh_cn__none,scenario,PDI,960,960,27,80,0,853,107,-0.4953271028037383,0.11145833333333334,960,18,104,0,838,122,-0.7049180327868853,0.12708333333333333,-0.20959092998314693,-0.3873629653875233,-0.03572015809720757,"('scenario', 'direct', 'zh_cn__none')",12,2.8759905864167967,-0.4660518317741119,0.046869971807818045
flux2,flux2_upsampler,direct,zh_cn__none,scenario,IDV,960,960,139,65,1,755,205,0.36097560975609755,0.21354166666666666,960,218,65,4,673,287,0.5331010452961672,0.2989583333333333,0.17212543554006965,0.050827129535389544,0.2947817152099525,"('scenario', 'direct', 'zh_cn__none')",12,2.8759905864167967,-0.007166394934961157,0.3514172660151005
flux2,flux2_upsampler,direct,zh_cn__none,scenario,MAS,960,960,56,97,0,807,153,-0.2679738562091503,0.159375,960,52,106,6,796,164,-0.32926829268292684,0.17083333333333334,-0.061294436473776526,-0.2222297637003519,0.08971733056095471,"('scenario', 'direct', 'zh_cn__none')",12,2.8759905864167967,-0.2891896688346541,0.16660079588710103
flux2,flux2_upsampler,direct,zh_cn__none,scenario,UAI,960,960,22,19,0,919,41,0.07317073170731707,0.042708333333333334,960,22,37,0,901,59,-0.2542372881355932,0.06145833333333333,-0.3274080198429103,-0.6600085388994308,-0.007301924213493542,"('scenario', 'direct', 'zh_cn__none')",12,2.8759905864167967,-0.7983155577428145,0.14349951805699385
flux2,flux2_upsampler,direct,zh_cn__none,scenario,LTO,960,960,32,20,0,908,52,0.23076923076923078,0.05416666666666667,960,71,21,2,866,94,0.5319148936170213,0.09791666666666667,0.3011456628477905,0.040206009927435706,0.5799695942862357,"('scenario', 'direct', 'zh_cn__none')",12,2.8759905864167967,-0.09271617238183594,0.6950074980774169
flux2,flux2_upsampler,direct,zh_cn__none,scenario,IVR,960,960,94,8,0,858,102,0.8431372549019608,0.10625,960,114,6,1,839,121,0.8925619834710744,0.12604166666666666,0.04942472856911362,-0.06140509460635056,0.16562196431907336,"('scenario', 'direct', 'zh_cn__none')",12,2.8759905864167967,-0.11492528133093063,0.21377473846915787
flux2,flux2_upsampler,direct,zh_cn__none,image,PDI,960,960,38,149,4,769,191,-0.581151832460733,0.19895833333333332,960,32,186,9,733,227,-0.6784140969162996,0.23645833333333333,-0.09726226445556663,-0.21965687724443328,0.02231361443441289,"('image', 'direct', 'zh_cn__none')",12,2.8594028025416707,-0.27162072373380963,0.07709619482267635
flux2,flux2_upsampler,direct,zh_cn__none,image,IDV,960,960,247,127,21,565,395,0.3037974683544304,0.4114583333333333,960,312,129,31,488,472,0.3877118644067797,0.49166666666666664,0.0839143960523493,0.005214240293630956,0.16460877661394577,"('image', 'direct', 'zh_cn__none')",12,2.8594028025416707,-0.031402445002145035,0.19923123710684362
flux2,flux2_upsampler,direct,zh_cn__none,image,MAS,960,960,204,328,32,396,564,-0.2198581560283688,0.5875,960,232,352,76,300,660,-0.18181818181818182,0.6875,0.03803997421018698,-0.020900207344578006,0.1001468607759046,"('image', 'direct', 'zh_cn__none')",12,2.8594028025416707,-0.04920162166837021,0.1252815700887442
flux2,flux2_upsampler,direct,zh_cn__none,image,UAI,960,960,116,31,4,809,151,0.5629139072847682,0.15729166666666666,960,105,85,8,762,198,0.10101010101010101,0.20625,-0.4619038062746672,-0.5974332568683611,-0.3276567133646716,"('image', 'direct', 'zh_cn__none')",12,2.8594028025416707,-0.6601980951247725,-0.26360951742456196
flux2,flux2_upsampler,direct,zh_cn__none,image,LTO,960,960,162,41,13,744,216,0.5601851851851852,0.225,960,213,72,21,654,306,0.46078431372549017,0.31875,-0.09940087145969506,-0.2087222044294749,0.005975985638178301,"('image', 'direct', 'zh_cn__none')",12,2.8594028025416707,-0.2553004032139667,0.056498660294576564
flux2,flux2_upsampler,direct,zh_cn__none,image,IVR,960,960,214,19,0,727,233,0.8369098712446352,0.24270833333333333,960,256,20,8,676,284,0.8309859154929577,0.29583333333333334,-0.005923955751677479,-0.07759423459931555,0.0652825180500595,"('image', 'direct', 'zh_cn__none')",12,2.8594028025416707,-0.10996093268476452,0.09811302118140956
flux2,flux2_upsampler,direct,zh_cn__us,scenario,PDI,960,960,16,94,0,850,110,-0.7090909090909091,0.11458333333333333,960,6,108,0,846,114,-0.8947368421052632,0.11875,-0.18564593301435406,-0.33930149242649243,-0.038229144764508075,"('scenario', 'direct', 'zh_cn__us')",12,2.88638128635001,-0.40613005995989526,0.03483819393118717
flux2,flux2_upsampler,direct,zh_cn__us,scenario,IDV,960,960,144,59,1,756,204,0.4166666666666667,0.2125,960,218,69,2,671,289,0.5155709342560554,0.30104166666666665,0.0989042675893887,-0.031160419829580222,0.2297619487558512,"('scenario', 'direct', 'zh_cn__us')",12,2.88638128635001,-0.09493555820112004,0.29274409337989743
flux2,flux2_upsampler,direct,zh_cn__us,scenario,MAS,960,960,41,89,1,829,131,-0.366412213740458,0.13645833333333332,960,54,95,4,807,153,-0.2679738562091503,0.159375,0.0984383575313077,-0.06592619994798476,0.26705652272856567,"('scenario', 'direct', 'zh_cn__us')",12,2.88638128635001,-0.14932179645838464,0.346198511521
flux2,flux2_upsampler,direct,zh_cn__us,scenario,UAI,960,960,20,21,0,919,41,-0.024390243902439025,0.042708333333333334,960,23,34,0,903,57,-0.19298245614035087,0.059375,-0.16859221223791185,-0.49648550974642053,0.15874136560914465,"('scenario', 'direct', 'zh_cn__us')",12,2.88638128635001,-0.6508629955874597,0.313678571111636
flux2,flux2_upsampler,direct,zh_cn__us,scenario,LTO,960,960,29,17,0,914,46,0.2608695652173913,0.04791666666666667,960,58,29,3,870,90,0.32222222222222224,0.09375,0.061352657004830946,-0.23252874133494883,0.3652573638260122,"('scenario', 'direct', 'zh_cn__us')",12,2.88638128635001,-0.3813476782369902,0.5040529922466521
flux2,flux2_upsampler,direct,zh_cn__us,scenario,IVR,960,960,90,7,0,863,97,0.8556701030927835,0.10104166666666667,960,118,4,1,837,123,0.926829268292683,0.128125,0.07115916519989951,-0.022934085004014698,0.1740258427932575,"('scenario', 'direct', 'zh_cn__us')",12,2.88638128635001,-0.07386662912759603,0.21618495952739505
flux2,flux2_upsampler,direct,zh_cn__us,image,PDI,960,960,20,180,3,757,203,-0.7881773399014779,0.21145833333333333,960,26,183,5,746,214,-0.7336448598130841,0.22291666666666668,0.05453248008839373,-0.05517252434412952,0.16315498271151707,"('image', 'direct', 'zh_cn__us')",12,2.8435580769968682,-0.10476364880832598,0.21382860898511344
flux2,flux2_upsampler,direct,zh_cn__us,image,IDV,960,960,254,117,27,562,398,0.3442211055276382,0.41458333333333336,960,336,122,29,473,487,0.4394250513347023,0.5072916666666667,0.0952039458070641,0.020120275250516708,0.17142844166599674,"('image', 'direct', 'zh_cn__us')",12,2.8435580769968682,-0.014874109584855244,0.20528200119898343
flux2,flux2_upsampler,direct,zh_cn__us,image,MAS,960,960,189,337,44,390,570,-0.2596491228070175,0.59375,960,219,336,93,312,648,-0.18055555555555555,0.675,0.07909356725146197,0.018286631680795435,0.14013188082992928,"('image', 'direct', 'zh_cn__us')",12,2.8435580769968682,-0.010107372225893668,0.1682945067288176
flux2,flux2_upsampler,direct,zh_cn__us,image,UAI,960,960,111,45,1,803,157,0.42038216560509556,0.16354166666666667,960,108,87,8,757,203,0.10344827586206896,0.21145833333333333,-0.3169338897430266,-0.47442302997754127,-0.16151758558353188,"('image', 'direct', 'zh_cn__us')",12,2.8435580769968682,-0.5418228169060773,-0.09204496257997602
flux2,flux2_upsampler,direct,zh_cn__us,image,LTO,960,960,163,41,6,750,210,0.580952380952381,0.21875,960,211,45,22,682,278,0.5971223021582733,0.28958333333333336,0.016169921205892335,-0.08944492616986242,0.12946173882648945,"('image', 'direct', 'zh_cn__us')",12,2.8435580769968682,-0.1400884093783894,0.17242825179017407
flux2,flux2_upsampler,direct,zh_cn__us,image,IVR,960,960,217,16,5,722,238,0.8445378151260504,0.24791666666666667,960,248,14,10,688,272,0.8602941176470589,0.2833333333333333,0.01575630252100846,-0.055653546562672275,0.089314934255339,"('image', 'direct', 'zh_cn__us')",12,2.8435580769968682,-0.08859804585843446,0.12011065090045138
flux2,flux2_upsampler,direct,zh_cn__cn,scenario,PDI,960,960,54,68,0,838,122,-0.11475409836065574,0.12708333333333333,960,33,85,0,842,118,-0.4406779661016949,0.12291666666666666,-0.32592386774103915,-0.5185695866453844,-0.13278560499808778,"('scenario', 'direct', 'zh_cn__cn')",12,2.8527594109198815,-0.6088331217084058,-0.04301461377367255
flux2,flux2_upsampler,direct,zh_cn__cn,scenario,IDV,960,960,109,92,0,759,201,0.0845771144278607,0.209375,960,171,72,3,714,246,0.4024390243902439,0.25625,0.3178619099623832,0.17919390271426247,0.4542679305660652,"('scenario', 'direct', 'zh_cn__cn')",12,2.8527594109198815,0.11688909603122705,0.5188347238935394
flux2,flux2_upsampler,direct,zh_cn__cn,scenario,MAS,960,960,54,64,0,842,118,-0.0847457627118644,0.12291666666666666,960,60,107,2,791,169,-0.2781065088757396,0.17604166666666668,-0.19336074616387522,-0.3730173648406731,-0.024400027306417518,"('scenario', 'direct', 'zh_cn__cn')",12,2.8527594109198815,-0.4461577959814773,0.059436303653726874
flux2,flux2_upsampler,direct,zh_cn__cn,scenario,UAI,960,960,17,19,0,924,36,-0.05555555555555555,0.0375,960,22,31,1,906,54,-0.16666666666666666,0.05625,-0.1111111111111111,-0.47710884353741495,0.2500126262626261,"('scenario', 'direct', 'zh_cn__cn')",12,2.8527594109198815,-0.6364277011527788,0.41420547893055665
flux2,flux2_upsampler,direct,zh_cn__cn,scenario,LTO,960,960,42,30,1,887,73,0.1643835616438356,0.07604166666666666,960,51,33,4,872,88,0.20454545454545456,0.09166666666666666,0.04016189290161895,-0.2228974368324637,0.29946263446881155,"('scenario', 'direct', 'zh_cn__cn')",12,2.8527594109198815,-0.33675626889666666,0.4170800546999045
flux2,flux2_upsampler,direct,zh_cn__cn,scenario,IVR,960,960,77,10,1,872,88,0.7613636363636364,0.09166666666666666,960,114,5,0,841,119,0.9159663865546218,0.12395833333333334,0.15460275019098546,0.00783349094240368,0.30835692183521407,"('scenario', 'direct', 'zh_cn__cn')",12,2.8527594109198815,-0.06449979531149774,0.37370529569346866
flux2,flux2_upsampler,direct,zh_cn__cn,image,PDI,960,960,84,121,10,745,215,-0.17209302325581396,0.22395833333333334,960,56,157,8,739,221,-0.45701357466063347,0.23020833333333332,-0.28492055140481953,-0.4303920712081617,-0.13712263830337068,"('image', 'direct', 'zh_cn__cn')",12,2.8224861959478016,-0.49920222787099744,-0.0706388749386416
flux2,flux2_upsampler,direct,zh_cn__cn,image,IDV,960,960,202,166,19,573,387,0.09302325581395349,0.403125,960,246,168,34,512,448,0.17410714285714285,0.4666666666666667,0.08108388704318936,-0.0016811031110281652,0.16571588893484604,"('image', 'direct', 'zh_cn__cn')",12,2.8224861959478016,-0.038544615743941246,0.20071238983031997
flux2,flux2_upsampler,direct,zh_cn__cn,image,MAS,960,960,206,305,50,399,561,-0.17647058823529413,0.584375,960,230,356,65,309,651,-0.1935483870967742,0.678125,-0.01707779886148006,-0.08155889588359783,0.045781733430718084,"('image', 'direct', 'zh_cn__cn')",12,2.8224861959478016,-0.10985672272979184,0.07570112500683172
flux2,flux2_upsampler,direct,zh_cn__cn,image,UAI,960,960,107,37,0,816,144,0.4861111111111111,0.15,960,106,59,5,790,170,0.27647058823529413,0.17708333333333334,-0.20964052287581697,-0.3778641129599649,-0.04542344251030706,"('image', 'direct', 'zh_cn__cn')",12,2.8224861959478016,-0.45184485700267496,0.03256381125104102
flux2,flux2_upsampler,direct,zh_cn__cn,image,LTO,960,960,170,71,12,707,253,0.391304347826087,0.2635416666666667,960,224,58,21,657,303,0.5478547854785478,0.315625,0.15655043765246085,0.04162926503439297,0.2743855395067579,"('image', 'direct', 'zh_cn__cn')",12,2.8224861959478016,-0.008071816016816835,0.32117269132173853
flux2,flux2_upsampler,direct,zh_cn__cn,image,IVR,960,960,190,25,6,739,221,0.746606334841629,0.23020833333333332,960,227,26,9,698,262,0.767175572519084,0.27291666666666664,0.020569237677455,-0.07079916706884251,0.11546431572331202,"('image', 'direct', 'zh_cn__cn')",12,2.8224861959478016,-0.11237351373692808,0.15351198909183808
flux2,flux2_upsampler,interaction,language_none,scenario,PDI,960,,,,,,,0.27610146862483315,,,,,,,,0.1376745598057073,,-0.13842690881912584,-0.34895259530168293,0.06258457891984238,"('scenario', 'interaction', 'language_none')",12,2.8584329483026787,-0.4355453399604649,0.15869152232221323
flux2,flux2_upsampler,interaction,language_none,scenario,IDV,960,,,,,,,0.12486449864498644,,,,,,,,0.12401013620525808,,-0.0008543624397283622,-0.15981031861320086,0.1567250094198257,"('scenario', 'interaction', 'language_none')",12,2.8584329483026787,-0.23546201965600805,0.23375329477655132
flux2,flux2_upsampler,interaction,language_none,scenario,MAS,960,,,,,,,0.11297852474323061,,,,,,,,0.004065040650406471,,-0.10891348409282414,-0.3324737900497613,0.1044976255295849,"('scenario', 'interaction', 'language_none')",12,2.8584329483026787,-0.42438403009728065,0.20655706191163237
flux2,flux2_upsampler,interaction,language_none,scenario,UAI,960,,,,,,,0.0,,,,,,,,0.04735001345170836,,0.04735001345170836,-0.3845709313388647,0.46257244614521903,"('scenario', 'interaction', 'language_none')",12,2.8584329483026787,-0.5740811629632627,0.6687811898666793
flux2,flux2_upsampler,interaction,language_none,scenario,LTO,960,,,,,,,0.14505494505494507,,,,,,,,0.13656605640771896,,-0.008488888647226106,-0.41586281530278035,0.391053638925668,"('scenario', 'interaction', 'language_none')",12,2.8584329483026787,-0.5973287709765164,0.5803509936820642
flux2,flux2_upsampler,interaction,language_none,scenario,IVR,960,,,,,,,-0.07993966817496234,,,,,,,,0.040710131619222545,,0.12064979979418489,-0.012569444808299312,0.25948543237409033,"('scenario', 'interaction', 'language_none')",12,2.8584329483026787,-0.0765010039243732,0.317800603512743
flux2,flux2_upsampler,interaction,language_none,image,PDI,960,,,,,,,0.1356111733196138,,,,,,,,0.05636851177935254,,-0.07924266154026127,-0.23697045211119638,0.07289485074745869,"('image', 'interaction', 'language_none')",12,2.8400779337055364,-0.30433692354358194,0.1458516004630594
flux2,flux2_upsampler,interaction,language_none,image,IDV,960,,,,,,,-0.0587025316455696,,,,,,,,0.03534965968237025,,0.09405219132793985,-0.0084277327590889,0.19887708491848086,"('image', 'interaction', 'language_none')",12,2.8400779337055364,-0.057400318478261214,0.2455047011341409
flux2,flux2_upsampler,interaction,language_none,image,MAS,960,,,,,,,0.06947276621394585,,,,,,,,0.06892808683853457,,-0.0005446793754112778,-0.07537839128743118,0.08049760741538797,"('image', 'interaction', 'language_none')",12,2.8400779337055364,-0.11343512320095518,0.11234576445013263
flux2,flux2_upsampler,interaction,language_none,image,UAI,960,,,,,,,0.17979702416788507,,,,,,,,-0.04184704184704184,,-0.22164406601492692,-0.40453752207437804,-0.03684654147533451,"('image', 'interaction', 'language_none')",12,2.8400779337055364,-0.4873128879835762,0.04402475595372235
flux2,flux2_upsampler,interaction,language_none,image,LTO,960,,,,,,,0.16822538619021038,,,,,,,,-0.10963822148577745,,-0.27786360767598783,-0.4356211989064582,-0.12855922423289026,"('image', 'interaction', 'language_none')",12,2.8400779337055364,-0.5012149194052352,-0.05451229594674048
flux2,flux2_upsampler,interaction,language_none,image,IVR,960,,,,,,,-0.03963333863190799,,,,,,,,0.014659384880712834,,0.05429272351262082,-0.03158304984860479,0.1409305578715765,"('image', 'interaction', 'language_none')",12,2.8400779337055364,-0.07056561091758533,0.17915105794282699
flux2,flux2_upsampler,interaction,cue_en,scenario,PDI,960,,,,,,,0.3214771953710006,,,,,,,,0.3714063714063714,,0.04992917603537078,-0.16552515330700565,0.27496217223143743,"('scenario', 'interaction', 'cue_en')",12,2.889705351795399,-0.27423056374375077,0.37408891581449233
flux2,flux2_upsampler,interaction,cue_en,scenario,IDV,960,,,,,,,-0.2586206896551724,,,,,,,,-0.15129664011499072,,0.10732404954018165,-0.04095637478863718,0.25832394449576773,"('scenario', 'interaction', 'cue_en')",12,2.889705351795399,-0.11546576578219836,0.33011386486256167
flux2,flux2_upsampler,interaction,cue_en,scenario,MAS,960,,,,,,,0.22674081798169388,,,,,,,,-0.06912801615703507,,-0.29586883413872894,-0.5026596739483195,-0.0866114506969343,"('scenario', 'interaction', 'cue_en')",12,2.889705351795399,-0.6020085169940321,0.010270848716574243
flux2,flux2_upsampler,interaction,cue_en,scenario,UAI,960,,,,,,,0.23076923076923078,,,,,,,,-0.041666666666666685,,-0.27243589743589747,-0.7245550778649517,0.1769787052417863,"('scenario', 'interaction', 'cue_en')",12,2.889705351795399,-0.9334826770675507,0.3886108821957558
flux2,flux2_upsampler,interaction,cue_en,scenario,LTO,960,,,,,,,0.04550016728002676,,,,,,,,-0.2301941747572815,,-0.27569434203730825,-0.6415163815084556,0.09323262802223081,"('scenario', 'interaction', 'cue_en')",12,2.889705351795399,-0.8246698539378851,0.27328116986326856
flux2,flux2_upsampler,interaction,cue_en,scenario,IVR,960,,,,,,,-0.16650915027064184,,,,,,,,-0.0435663627152989,,0.12294278755534294,-0.004698657015844633,0.25540499264071115,"('scenario', 'interaction', 'cue_en')",12,2.889705351795399,-0.06923703331560832,0.3151226084262942
flux2,flux2_upsampler,interaction,cue_en,image,PDI,960,,,,,,,0.39966917220073467,,,,,,,,0.3655781112091792,,-0.034091060991555455,-0.20165108005709534,0.133009395104017,"('image', 'interaction', 'cue_en')",12,2.891889730361959,-0.28221824887439145,0.21403612689128054
flux2,flux2_upsampler,interaction,cue_en,image,IDV,960,,,,,,,-0.23089154710707965,,,,,,,,-0.15649484536082475,,0.0743967017462549,-0.03185596285817811,0.1798503295521336,"('image', 'interaction', 'cue_en')",12,2.891889730361959,-0.07894419619241536,0.22773759968492516
flux2,flux2_upsampler,interaction,cue_en,image,MAS,960,,,,,,,0.07299603142724018,,,,,,,,0.04902243713823837,,-0.02397359428900181,-0.1044149158992733,0.05623501552086491,"('image', 'interaction', 'cue_en')",12,2.891889730361959,-0.143794939545493,0.09584775096748939
flux2,flux2_upsampler,interaction,cue_en,image,UAI,960,,,,,,,0.08134121228400037,,,,,,,,0.008048780487804885,,-0.07329243179619549,-0.29578255105564755,0.14762221064806494,"('image', 'interaction', 'cue_en')",12,2.891889730361959,-0.404845741854762,0.25826087826237104
flux2,flux2_upsampler,interaction,cue_en,image,LTO,960,,,,,,,0.045879988515647396,,,,,,,,-0.15051938352909228,,-0.19639937204473967,-0.3494588403309019,-0.04357934889378905,"('image', 'interaction', 'cue_en')",12,2.891889730361959,-0.421196272566834,0.028397528477354633
flux2,flux2_upsampler,interaction,cue_en,image,IVR,960,,,,,,,-0.07524642054679942,,,,,,,,-0.03317318408083414,,0.04207323646596528,-0.05196087519903486,0.13658105049884006,"('image', 'interaction', 'cue_en')",12,2.891889730361959,-0.0959113437424243,0.18005781667435486
flux2,flux2_upsampler,interaction,cue_zh,scenario,PDI,960,,,,,,,0.5943368107302534,,,,,,,,0.45405887600356826,,-0.1402779347266851,-0.35604347259873514,0.08149158469754328,"('scenario', 'interaction', 'cue_zh')",12,2.9048148525357793,-0.46202487805326875,0.18146900859989856
flux2,flux2_upsampler,interaction,cue_zh,scenario,IDV,960,,,,,,,-0.332089552238806,,,,,,,,-0.11313190986581145,,0.21895764237299453,0.05175541633596077,0.39178607067396026,"('scenario', 'interaction', 'cue_zh')",12,2.9048148525357793,-0.03302852271051537,0.47094380745650444
flux2,flux2_upsampler,interaction,cue_zh,scenario,MAS,960,,,,,,,0.2816664510285936,,,,,,,,-0.010132652666589304,,-0.2917991036951829,-0.514026809681876,-0.08616512493420579,"('scenario', 'interaction', 'cue_zh')",12,2.9048148525357793,-0.607815112686682,0.02421690529631615
flux2,flux2_upsampler,interaction,cue_zh,scenario,UAI,960,,,,,,,-0.031165311653116527,,,,,,,,0.02631578947368421,,0.057481101126800736,-0.34128919128919133,0.4631634615853331,"('scenario', 'interaction', 'cue_zh')",12,2.9048148525357793,-0.5377063894889784,0.6526685917425799
flux2,flux2_upsampler,interaction,cue_zh,scenario,LTO,960,,,,,,,-0.09648600357355569,,,,,,,,-0.11767676767676769,,-0.021190764103211995,-0.38966156037367505,0.3328773564387908,"('scenario', 'interaction', 'cue_zh')",12,2.9048148525357793,-0.5469122121517572,0.5045306839453333
flux2,flux2_upsampler,interaction,cue_zh,scenario,IVR,960,,,,,,,-0.09430646672914711,,,,,,,,-0.010862881738061159,,0.08344358499108595,-0.0528534091744502,0.2318086117844586,"('scenario', 'interaction', 'cue_zh')",12,2.9048148525357793,-0.12861496809320158,0.2955021380753735
flux2,flux2_upsampler,interaction,cue_zh,image,PDI,960,,,,,,,0.6160843166456639,,,,,,,,0.27663128515245067,,-0.3394530314932132,-0.5061800567980422,-0.1785229154227487,"('image', 'interaction', 'cue_zh')",12,2.858086737573703,-0.5787783523816924,-0.10012771060473402
flux2,flux2_upsampler,interaction,cue_zh,image,IDV,960,,,,,,,-0.2511978497136847,,,,,,,,-0.2653179084775594,,-0.014120058763874732,-0.12136232066345345,0.09811996853233024,"('image', 'interaction', 'cue_zh')",12,2.858086737573703,-0.17286186858893027,0.1446217510611808
flux2,flux2_upsampler,interaction,cue_zh,image,MAS,960,,,,,,,0.08317853457172339,,,,,,,,-0.012992831541218636,,-0.09617136611294202,-0.178889183584372,-0.015418812189755922,"('image', 'interaction', 'cue_zh')",12,2.858086737573703,-0.2148843645062162,0.022541632280332152
flux2,flux2_upsampler,interaction,cue_zh,image,UAI,960,,,,,,,0.06572894550601555,,,,,,,,0.17302231237322518,,0.10729336686720964,-0.09747109843249127,0.30889515780969057,"('image', 'interaction', 'cue_zh')",12,2.858086737573703,-0.19298856816253662,0.4075753018969559
flux2,flux2_upsampler,interaction,cue_zh,image,LTO,960,,,,,,,-0.18964803312629402,,,,,,,,-0.04926751667972551,,0.14038051644656852,-0.0060597113079119405,0.28808148222556407,"('image', 'interaction', 'cue_zh')",12,2.858086737573703,-0.07375189830281156,0.3545129311959486
flux2,flux2_upsampler,interaction,cue_zh,image,IVR,960,,,,,,,-0.09793148028442145,,,,,,,,-0.0931185451279749,,0.004812935156446541,-0.10977149750559054,0.11565363790150454,"('image', 'interaction', 'cue_zh')",12,2.858086737573703,-0.15622183149219604,0.16584770180508912
